STATION,NAME,DATE,TMAX,TMIN
USW00012960,"HOUSTON INTERCONTINENTAL AIRPORT, TX US",2023-01-01,79.0,59.0
USW00012960,"HOUSTON INTERCONTINENTAL AIRPORT, TX US",2023-01-02,76.0,71.0
USW00012960,"HOUSTON INTERCONTINENTAL AIRPORT, TX US",2023-01-03,78.0,58.0
USW00012960,"HOUSTON INTERCONTINENTAL AIRPORT, TX US",2023-01-04,72.0,48.0
USW00012960,"HOUSTON INTERCONTINENTAL AIRPORT, TX US",2023-01-05,72.0,43.0
USW00012960,"HOUSTON INTERCONTINENTAL AIRPORT, TX US",2023-01-06,79.0,47.0
USW00012960,"HOUSTON INTERCONTINENTAL AIRPORT, TX US",2023-01-07,81.0,57.0
USW00012960,"HOUSTON INTERCONTINENTAL AIRPORT, TX US",2023-01-08,70.0,50.0
USW00012960,"HOUSTON INTERCONTINENTAL AIRPORT, TX US",2023-01-09,68.0,45.0
USW00012960,"HOUSTON INTERCONTINENTAL AIRPORT, TX US",2023-01-10,76.0,58.0
USW00012960,"HOUSTON INTERCONTINENTAL AIRPORT, TX US",2023-01-11,80.0,63.0
USW00012960,"HOUSTON INTERCONTINENTAL AIRPORT, TX US",2023-01-12,71.0,50.0
USW00012960,"HOUSTON INTERCONTINENTAL AIRPORT, TX US",2023-01-13,63.0,42.0
USW00012960,"HOUSTON INTERCONTINENTAL AIRPORT, TX US",2023-01-14,62.0,34.0
USW00012960,"HOUSTON INTERCONTINENTAL AIRPORT, TX US",2023-01-15,73.0,43.0
USW00012960,"HOUSTON INTERCONTINENTAL AIRPORT, TX US",2023-01-16,76.0,63.0
USW00012960,"HOUSTON INTERCONTINENTAL AIRPORT, TX US",2023-01-17,80.0,63.0
USW00012960,"HOUSTON INTERCONTINENTAL AIRPORT, TX US",2023-01-18,79.0,51.0
USW00012960,"HOUSTON INTERCONTINENTAL AIRPORT, TX US",2023-01-19,72.0,46.0
USW00012960,"HOUSTON INTERCONTINENTAL AIRPORT, TX US",2023-01-20,53.0,48.0
USW00012960,"HOUSTON INTERCONTINENTAL AIRPORT, TX US",2023-01-21,53.0,48.0
USW00012960,"HOUSTON INTERCONTINENTAL AIRPORT, TX US",2023-01-22,61.0,40.0
USW00012960,"HOUSTON INTERCONTINENTAL AIRPORT, TX US",2023-01-23,59.0,35.0
USW00012960,"HOUSTON INTERCONTINENTAL AIRPORT, TX US",2023-01-24,60.0,45.0
USW00012960,"HOUSTON INTERCONTINENTAL AIRPORT, TX US",2023-01-25,52.0,38.0
USW00012960,"HOUSTON INTERCONTINENTAL AIRPORT, TX US",2023-01-26,58.0,35.0
USW00012960,"HOUSTON INTERCONTINENTAL AIRPORT, TX US",2023-01-27,56.0,34.0
USW00012960,"HOUSTON INTERCONTINENTAL AIRPORT, TX US",2023-01-28,70.0,55.0
USW00012960,"HOUSTON INTERCONTINENTAL AIRPORT, TX US",2023-01-29,74.0,51.0
USW00012960,"HOUSTON INTERCONTINENTAL AIRPORT, TX US",2023-01-30,51.0,36.0
USW00012960,"HOUSTON INTERCONTINENTAL AIRPORT, TX US",2023-01-31,43.0,36.0
USW00012960,"HOUSTON INTERCONTINENTAL AIRPORT, TX US",2023-02-01,40.0,36.0
USW00012960,"HOUSTON INTERCONTINENTAL AIRPORT, TX US",2023-02-02,41.0,38.0
USW00012960,"HOUSTON INTERCONTINENTAL AIRPORT, TX US",2023-02-03,59.0,39.0
USW00012960,"HOUSTON INTERCONTINENTAL AIRPORT, TX US",2023-02-04,63.0,35.0
USW00012960,"HOUSTON INTERCONTINENTAL AIRPORT, TX US",2023-02-05,74.0,45.0
USW00012960,"HOUSTON INTERCONTINENTAL AIRPORT, TX US",2023-02-06,73.0,49.0
USW00012960,"HOUSTON INTERCONTINENTAL AIRPORT, TX US",2023-02-07,74.0,58.0
USW00012960,"HOUSTON INTERCONTINENTAL AIRPORT, TX US",2023-02-08,78.0,44.0
USW00012960,"HOUSTON INTERCONTINENTAL AIRPORT, TX US",2023-02-09,72.0,40.0
USW00012960,"HOUSTON INTERCONTINENTAL AIRPORT, TX US",2023-02-10,59.0,42.0
USW00012960,"HOUSTON INTERCONTINENTAL AIRPORT, TX US",2023-02-11,54.0,39.0
USW00012960,"HOUSTON INTERCONTINENTAL AIRPORT, TX US",2023-02-12,65.0,38.0
USW00012960,"HOUSTON INTERCONTINENTAL AIRPORT, TX US",2023-02-13,73.0,40.0
USW00012960,"HOUSTON INTERCONTINENTAL AIRPORT, TX US",2023-02-14,80.0,60.0
USW00012960,"HOUSTON INTERCONTINENTAL AIRPORT, TX US",2023-02-15,78.0,64.0
USW00012960,"HOUSTON INTERCONTINENTAL AIRPORT, TX US",2023-02-16,72.0,45.0
USW00012960,"HOUSTON INTERCONTINENTAL AIRPORT, TX US",2023-02-17,54.0,36.0
USW00012960,"HOUSTON INTERCONTINENTAL AIRPORT, TX US",2023-02-18,55.0,33.0
USW00012960,"HOUSTON INTERCONTINENTAL AIRPORT, TX US",2023-02-19,75.0,43.0
USW00012960,"HOUSTON INTERCONTINENTAL AIRPORT, TX US",2023-02-20,79.0,63.0
USW00012960,"HOUSTON INTERCONTINENTAL AIRPORT, TX US",2023-02-21,82.0,69.0
USW00012960,"HOUSTON INTERCONTINENTAL AIRPORT, TX US",2023-02-22,81.0,70.0
USW00012960,"HOUSTON INTERCONTINENTAL AIRPORT, TX US",2023-02-23,83.0,70.0
USW00012960,"HOUSTON INTERCONTINENTAL AIRPORT, TX US",2023-02-24,79.0,69.0
USW00012960,"HOUSTON INTERCONTINENTAL AIRPORT, TX US",2023-02-25,82.0,62.0
USW00012960,"HOUSTON INTERCONTINENTAL AIRPORT, TX US",2023-02-26,82.0,70.0
USW00012960,"HOUSTON INTERCONTINENTAL AIRPORT, TX US",2023-02-27,84.0,59.0
USW00012960,"HOUSTON INTERCONTINENTAL AIRPORT, TX US",2023-02-28,84.0,56.0
USW00012960,"HOUSTON INTERCONTINENTAL AIRPORT, TX US",2023-03-01,84.0,71.0
USW00012960,"HOUSTON INTERCONTINENTAL AIRPORT, TX US",2023-03-02,79.0,65.0
USW00012960,"HOUSTON INTERCONTINENTAL AIRPORT, TX US",2023-03-03,72.0,53.0
USW00012960,"HOUSTON INTERCONTINENTAL AIRPORT, TX US",2023-03-04,80.0,46.0
USW00012960,"HOUSTON INTERCONTINENTAL AIRPORT, TX US",2023-03-05,78.0,50.0
USW00012960,"HOUSTON INTERCONTINENTAL AIRPORT, TX US",2023-03-06,83.0,55.0
USW00012960,"HOUSTON INTERCONTINENTAL AIRPORT, TX US",2023-03-07,83.0,67.0
USW00012960,"HOUSTON INTERCONTINENTAL AIRPORT, TX US",2023-03-08,87.0,66.0
USW00012960,"HOUSTON INTERCONTINENTAL AIRPORT, TX US",2023-03-09,86.0,62.0
USW00012960,"HOUSTON INTERCONTINENTAL AIRPORT, TX US",2023-03-10,79.0,63.0
USW00012960,"HOUSTON INTERCONTINENTAL AIRPORT, TX US",2023-03-11,86.0,63.0
USW00012960,"HOUSTON INTERCONTINENTAL AIRPORT, TX US",2023-03-12,84.0,59.0
USW00012960,"HOUSTON INTERCONTINENTAL AIRPORT, TX US",2023-03-13,71.0,53.0
USW00012960,"HOUSTON INTERCONTINENTAL AIRPORT, TX US",2023-03-14,67.0,50.0
USW00012960,"HOUSTON INTERCONTINENTAL AIRPORT, TX US",2023-03-15,70.0,44.0
USW00012960,"HOUSTON INTERCONTINENTAL AIRPORT, TX US",2023-03-16,75.0,63.0
USW00012960,"HOUSTON INTERCONTINENTAL AIRPORT, TX US",2023-03-17,72.0,45.0
USW00012960,"HOUSTON INTERCONTINENTAL AIRPORT, TX US",2023-03-18,56.0,47.0
USW00012960,"HOUSTON INTERCONTINENTAL AIRPORT, TX US",2023-03-19,59.0,39.0
USW00012960,"HOUSTON INTERCONTINENTAL AIRPORT, TX US",2023-03-20,56.0,37.0
USW00012960,"HOUSTON INTERCONTINENTAL AIRPORT, TX US",2023-03-21,73.0,53.0
USW00012960,"HOUSTON INTERCONTINENTAL AIRPORT, TX US",2023-03-22,83.0,68.0
USW00012960,"HOUSTON INTERCONTINENTAL AIRPORT, TX US",2023-03-23,85.0,71.0
USW00012960,"HOUSTON INTERCONTINENTAL AIRPORT, TX US",2023-03-24,83.0,70.0
USW00012960,"HOUSTON INTERCONTINENTAL AIRPORT, TX US",2023-03-25,85.0,60.0
USW00012960,"HOUSTON INTERCONTINENTAL AIRPORT, TX US",2023-03-26,82.0,54.0
USW00012960,"HOUSTON INTERCONTINENTAL AIRPORT, TX US",2023-03-27,77.0,63.0
USW00012960,"HOUSTON INTERCONTINENTAL AIRPORT, TX US",2023-03-28,77.0,62.0
USW00012960,"HOUSTON INTERCONTINENTAL AIRPORT, TX US",2023-03-29,68.0,56.0
USW00012960,"HOUSTON INTERCONTINENTAL AIRPORT, TX US",2023-03-30,76.0,58.0
USW00012960,"HOUSTON INTERCONTINENTAL AIRPORT, TX US",2023-03-31,84.0,73.0
USW00012960,"HOUSTON INTERCONTINENTAL AIRPORT, TX US",2023-04-01,89.0,65.0
USW00012960,"HOUSTON INTERCONTINENTAL AIRPORT, TX US",2023-04-02,83.0,63.0
USW00012960,"HOUSTON INTERCONTINENTAL AIRPORT, TX US",2023-04-03,87.0,74.0
USW00012960,"HOUSTON INTERCONTINENTAL AIRPORT, TX US",2023-04-04,83.0,73.0
USW00012960,"HOUSTON INTERCONTINENTAL AIRPORT, TX US",2023-04-05,81.0,55.0
USW00012960,"HOUSTON INTERCONTINENTAL AIRPORT, TX US",2023-04-06,64.0,55.0
USW00012960,"HOUSTON INTERCONTINENTAL AIRPORT, TX US",2023-04-07,59.0,54.0
USW00012960,"HOUSTON INTERCONTINENTAL AIRPORT, TX US",2023-04-08,72.0,54.0
USW00012960,"HOUSTON INTERCONTINENTAL AIRPORT, TX US",2023-04-09,72.0,57.0
USW00012960,"HOUSTON INTERCONTINENTAL AIRPORT, TX US",2023-04-10,68.0,57.0
USW00012960,"HOUSTON INTERCONTINENTAL AIRPORT, TX US",2023-04-11,77.0,58.0
USW00012960,"HOUSTON INTERCONTINENTAL AIRPORT, TX US",2023-04-12,76.0,55.0
USW00012960,"HOUSTON INTERCONTINENTAL AIRPORT, TX US",2023-04-13,79.0,53.0
USW00012960,"HOUSTON INTERCONTINENTAL AIRPORT, TX US",2023-04-14,78.0,57.0
USW00012960,"HOUSTON INTERCONTINENTAL AIRPORT, TX US",2023-04-15,90.0,69.0
USW00012960,"HOUSTON INTERCONTINENTAL AIRPORT, TX US",2023-04-16,76.0,55.0
USW00012960,"HOUSTON INTERCONTINENTAL AIRPORT, TX US",2023-04-17,76.0,50.0
USW00012960,"HOUSTON INTERCONTINENTAL AIRPORT, TX US",2023-04-18,78.0,60.0
USW00012960,"HOUSTON INTERCONTINENTAL AIRPORT, TX US",2023-04-19,84.0,65.0
USW00012960,"HOUSTON INTERCONTINENTAL AIRPORT, TX US",2023-04-20,78.0,64.0
USW00012960,"HOUSTON INTERCONTINENTAL AIRPORT, TX US",2023-04-21,78.0,63.0
USW00012960,"HOUSTON INTERCONTINENTAL AIRPORT, TX US",2023-04-22,77.0,56.0
USW00012960,"HOUSTON INTERCONTINENTAL AIRPORT, TX US",2023-04-23,65.0,56.0
USW00012960,"HOUSTON INTERCONTINENTAL AIRPORT, TX US",2023-04-24,74.0,54.0
USW00012960,"HOUSTON INTERCONTINENTAL AIRPORT, TX US",2023-04-25,78.0,60.0
USW00012960,"HOUSTON INTERCONTINENTAL AIRPORT, TX US",2023-04-26,81.0,65.0
USW00012960,"HOUSTON INTERCONTINENTAL AIRPORT, TX US",2023-04-27,76.0,60.0
USW00012960,"HOUSTON INTERCONTINENTAL AIRPORT, TX US",2023-04-28,82.0,56.0
USW00012960,"HOUSTON INTERCONTINENTAL AIRPORT, TX US",2023-04-29,70.0,56.0
USW00012960,"HOUSTON INTERCONTINENTAL AIRPORT, TX US",2023-04-30,85.0,53.0
USW00012960,"HOUSTON INTERCONTINENTAL AIRPORT, TX US",2023-05-01,83.0,55.0
USW00012960,"HOUSTON INTERCONTINENTAL AIRPORT, TX US",2023-05-02,81.0,63.0
USW00012960,"HOUSTON INTERCONTINENTAL AIRPORT, TX US",2023-05-03,85.0,63.0
USW00012960,"HOUSTON INTERCONTINENTAL AIRPORT, TX US",2023-05-04,82.0,63.0
USW00012960,"HOUSTON INTERCONTINENTAL AIRPORT, TX US",2023-05-05,92.0,74.0
USW00012960,"HOUSTON INTERCONTINENTAL AIRPORT, TX US",2023-05-06,90.0,67.0
USW00012960,"HOUSTON INTERCONTINENTAL AIRPORT, TX US",2023-05-07,79.0,74.0
USW00012960,"HOUSTON INTERCONTINENTAL AIRPORT, TX US",2023-05-08,84.0,63.0
USW00012960,"HOUSTON INTERCONTINENTAL AIRPORT, TX US",2023-05-09,78.0,67.0
USW00012960,"HOUSTON INTERCONTINENTAL AIRPORT, TX US",2023-05-10,74.0,66.0
USW00012960,"HOUSTON INTERCONTINENTAL AIRPORT, TX US",2023-05-11,86.0,71.0
USW00012960,"HOUSTON INTERCONTINENTAL AIRPORT, TX US",2023-05-12,88.0,77.0
USW00012960,"HOUSTON INTERCONTINENTAL AIRPORT, TX US",2023-05-13,79.0,68.0
USW00012960,"HOUSTON INTERCONTINENTAL AIRPORT, TX US",2023-05-14,83.0,69.0
USW00012960,"HOUSTON INTERCONTINENTAL AIRPORT, TX US",2023-05-15,86.0,69.0
USW00012960,"HOUSTON INTERCONTINENTAL AIRPORT, TX US",2023-05-16,88.0,67.0
USW00012960,"HOUSTON INTERCONTINENTAL AIRPORT, TX US",2023-05-17,86.0,67.0
USW00012960,"HOUSTON INTERCONTINENTAL AIRPORT, TX US",2023-05-18,90.0,65.0
USW00012960,"HOUSTON INTERCONTINENTAL AIRPORT, TX US",2023-05-19,92.0,70.0
USW00012960,"HOUSTON INTERCONTINENTAL AIRPORT, TX US",2023-05-20,90.0,72.0
USW00012960,"HOUSTON INTERCONTINENTAL AIRPORT, TX US",2023-05-21,80.0,68.0
USW00012960,"HOUSTON INTERCONTINENTAL AIRPORT, TX US",2023-05-22,86.0,69.0
USW00012960,"HOUSTON INTERCONTINENTAL AIRPORT, TX US",2023-05-23,88.0,68.0
USW00012960,"HOUSTON INTERCONTINENTAL AIRPORT, TX US",2023-05-24,87.0,67.0
USW00012960,"HOUSTON INTERCONTINENTAL AIRPORT, TX US",2023-05-25,86.0,68.0
USW00012960,"HOUSTON INTERCONTINENTAL AIRPORT, TX US",2023-05-26,90.0,69.0
USW00012960,"HOUSTON INTERCONTINENTAL AIRPORT, TX US",2023-05-27,89.0,68.0
USW00012960,"HOUSTON INTERCONTINENTAL AIRPORT, TX US",2023-05-28,88.0,68.0
USW00012960,"HOUSTON INTERCONTINENTAL AIRPORT, TX US",2023-05-29,86.0,69.0
USW00012960,"HOUSTON INTERCONTINENTAL AIRPORT, TX US",2023-05-30,90.0,67.0
USW00012960,"HOUSTON INTERCONTINENTAL AIRPORT, TX US",2023-05-31,89.0,69.0
USW00012960,"HOUSTON INTERCONTINENTAL AIRPORT, TX US",2023-06-01,89.0,67.0
USW00012960,"HOUSTON INTERCONTINENTAL AIRPORT, TX US",2023-06-02,91.0,69.0
USW00012960,"HOUSTON INTERCONTINENTAL AIRPORT, TX US",2023-06-03,94.0,72.0
USW00012960,"HOUSTON INTERCONTINENTAL AIRPORT, TX US",2023-06-04,84.0,66.0
USW00012960,"HOUSTON INTERCONTINENTAL AIRPORT, TX US",2023-06-05,89.0,68.0
USW00012960,"HOUSTON INTERCONTINENTAL AIRPORT, TX US",2023-06-06,86.0,68.0
USW00012960,"HOUSTON INTERCONTINENTAL AIRPORT, TX US",2023-06-07,90.0,68.0
USW00012960,"HOUSTON INTERCONTINENTAL AIRPORT, TX US",2023-06-08,91.0,69.0
USW00012960,"HOUSTON INTERCONTINENTAL AIRPORT, TX US",2023-06-09,95.0,67.0
USW00012960,"HOUSTON INTERCONTINENTAL AIRPORT, TX US",2023-06-10,93.0,69.0
USW00012960,"HOUSTON INTERCONTINENTAL AIRPORT, TX US",2023-06-11,94.0,69.0
USW00012960,"HOUSTON INTERCONTINENTAL AIRPORT, TX US",2023-06-12,95.0,73.0
USW00012960,"HOUSTON INTERCONTINENTAL AIRPORT, TX US",2023-06-13,94.0,74.0
USW00012960,"HOUSTON INTERCONTINENTAL AIRPORT, TX US",2023-06-14,95.0,80.0
USW00012960,"HOUSTON INTERCONTINENTAL AIRPORT, TX US",2023-06-15,98.0,81.0
USW00012960,"HOUSTON INTERCONTINENTAL AIRPORT, TX US",2023-06-16,97.0,80.0
USW00012960,"HOUSTON INTERCONTINENTAL AIRPORT, TX US",2023-06-17,97.0,82.0
USW00012960,"HOUSTON INTERCONTINENTAL AIRPORT, TX US",2023-06-18,99.0,80.0
USW00012960,"HOUSTON INTERCONTINENTAL AIRPORT, TX US",2023-06-19,100.0,81.0
USW00012960,"HOUSTON INTERCONTINENTAL AIRPORT, TX US",2023-06-20,100.0,83.0
USW00012960,"HOUSTON INTERCONTINENTAL AIRPORT, TX US",2023-06-21,100.0,72.0
USW00012960,"HOUSTON INTERCONTINENTAL AIRPORT, TX US",2023-06-22,97.0,74.0
USW00012960,"HOUSTON INTERCONTINENTAL AIRPORT, TX US",2023-06-23,98.0,77.0
USW00012960,"HOUSTON INTERCONTINENTAL AIRPORT, TX US",2023-06-24,96.0,79.0
USW00012960,"HOUSTON INTERCONTINENTAL AIRPORT, TX US",2023-06-25,98.0,81.0
USW00012960,"HOUSTON INTERCONTINENTAL AIRPORT, TX US",2023-06-26,97.0,81.0
USW00012960,"HOUSTON INTERCONTINENTAL AIRPORT, TX US",2023-06-27,99.0,81.0
USW00012960,"HOUSTON INTERCONTINENTAL AIRPORT, TX US",2023-06-28,98.0,81.0
USW00012960,"HOUSTON INTERCONTINENTAL AIRPORT, TX US",2023-06-29,98.0,80.0
USW00012960,"HOUSTON INTERCONTINENTAL AIRPORT, TX US",2023-06-30,99.0,80.0
USW00012960,"HOUSTON INTERCONTINENTAL AIRPORT, TX US",2023-07-01,100.0,79.0
USW00012960,"HOUSTON INTERCONTINENTAL AIRPORT, TX US",2023-07-02,97.0,76.0
USW00012960,"HOUSTON INTERCONTINENTAL AIRPORT, TX US",2023-07-03,98.0,77.0
USW00012960,"HOUSTON INTERCONTINENTAL AIRPORT, TX US",2023-07-04,92.0,78.0
USW00012960,"HOUSTON INTERCONTINENTAL AIRPORT, TX US",2023-07-05,94.0,77.0
USW00012960,"HOUSTON INTERCONTINENTAL AIRPORT, TX US",2023-07-06,89.0,74.0
USW00012960,"HOUSTON INTERCONTINENTAL AIRPORT, TX US",2023-07-07,91.0,73.0
USW00012960,"HOUSTON INTERCONTINENTAL AIRPORT, TX US",2023-07-08,94.0,74.0
USW00012960,"HOUSTON INTERCONTINENTAL AIRPORT, TX US",2023-07-09,96.0,80.0
USW00012960,"HOUSTON INTERCONTINENTAL AIRPORT, TX US",2023-07-10,98.0,79.0
USW00012960,"HOUSTON INTERCONTINENTAL AIRPORT, TX US",2023-07-11,98.0,81.0
USW00012960,"HOUSTON INTERCONTINENTAL AIRPORT, TX US",2023-07-12,98.0,82.0
USW00012960,"HOUSTON INTERCONTINENTAL AIRPORT, TX US",2023-07-13,99.0,82.0
USW00012960,"HOUSTON INTERCONTINENTAL AIRPORT, TX US",2023-07-14,98.0,81.0
USW00012960,"HOUSTON INTERCONTINENTAL AIRPORT, TX US",2023-07-15,99.0,81.0
USW00012960,"HOUSTON INTERCONTINENTAL AIRPORT, TX US",2023-07-16,99.0,80.0
USW00012960,"HOUSTON INTERCONTINENTAL AIRPORT, TX US",2023-07-17,99.0,81.0
USW00012960,"HOUSTON INTERCONTINENTAL AIRPORT, TX US",2023-07-18,100.0,81.0
USW00012960,"HOUSTON INTERCONTINENTAL AIRPORT, TX US",2023-07-19,100.0,80.0
USW00012960,"HOUSTON INTERCONTINENTAL AIRPORT, TX US",2023-07-20,99.0,79.0
USW00012960,"HOUSTON INTERCONTINENTAL AIRPORT, TX US",2023-07-21,99.0,78.0
USW00012960,"HOUSTON INTERCONTINENTAL AIRPORT, TX US",2023-07-22,101.0,78.0
USW00012960,"HOUSTON INTERCONTINENTAL AIRPORT, TX US",2023-07-23,100.0,75.0
USW00012960,"HOUSTON INTERCONTINENTAL AIRPORT, TX US",2023-07-24,99.0,74.0
USW00012960,"HOUSTON INTERCONTINENTAL AIRPORT, TX US",2023-07-25,98.0,75.0
USW00012960,"HOUSTON INTERCONTINENTAL AIRPORT, TX US",2023-07-26,99.0,76.0
USW00012960,"HOUSTON INTERCONTINENTAL AIRPORT, TX US",2023-07-27,97.0,75.0
USW00012960,"HOUSTON INTERCONTINENTAL AIRPORT, TX US",2023-07-28,97.0,74.0
USW00012960,"HOUSTON INTERCONTINENTAL AIRPORT, TX US",2023-07-29,98.0,75.0
USW00012960,"HOUSTON INTERCONTINENTAL AIRPORT, TX US",2023-07-30,101.0,77.0
USW00012960,"HOUSTON INTERCONTINENTAL AIRPORT, TX US",2023-07-31,103.0,80.0
USW00012960,"HOUSTON INTERCONTINENTAL AIRPORT, TX US",2023-08-01,102.0,82.0
USW00012960,"HOUSTON INTERCONTINENTAL AIRPORT, TX US",2023-08-02,102.0,78.0
USW00012960,"HOUSTON INTERCONTINENTAL AIRPORT, TX US",2023-08-03,102.0,78.0
USW00012960,"HOUSTON INTERCONTINENTAL AIRPORT, TX US",2023-08-04,102.0,82.0
USW00012960,"HOUSTON INTERCONTINENTAL AIRPORT, TX US",2023-08-05,103.0,81.0
USW00012960,"HOUSTON INTERCONTINENTAL AIRPORT, TX US",2023-08-06,102.0,82.0
USW00012960,"HOUSTON INTERCONTINENTAL AIRPORT, TX US",2023-08-07,101.0,82.0
USW00012960,"HOUSTON INTERCONTINENTAL AIRPORT, TX US",2023-08-08,102.0,82.0
USW00012960,"HOUSTON INTERCONTINENTAL AIRPORT, TX US",2023-08-09,101.0,83.0
USW00012960,"HOUSTON INTERCONTINENTAL AIRPORT, TX US",2023-08-10,103.0,82.0
USW00012960,"HOUSTON INTERCONTINENTAL AIRPORT, TX US",2023-08-11,103.0,83.0
USW00012960,"HOUSTON INTERCONTINENTAL AIRPORT, TX US",2023-08-12,103.0,83.0
USW00012960,"HOUSTON INTERCONTINENTAL AIRPORT, TX US",2023-08-13,103.0,81.0
USW00012960,"HOUSTON INTERCONTINENTAL AIRPORT, TX US",2023-08-14,104.0,81.0
USW00012960,"HOUSTON INTERCONTINENTAL AIRPORT, TX US",2023-08-15,105.0,83.0
USW00012960,"HOUSTON INTERCONTINENTAL AIRPORT, TX US",2023-08-16,101.0,73.0
USW00012960,"HOUSTON INTERCONTINENTAL AIRPORT, TX US",2023-08-17,105.0,72.0
USW00012960,"HOUSTON INTERCONTINENTAL AIRPORT, TX US",2023-08-18,103.0,81.0
USW00012960,"HOUSTON INTERCONTINENTAL AIRPORT, TX US",2023-08-19,103.0,81.0
USW00012960,"HOUSTON INTERCONTINENTAL AIRPORT, TX US",2023-08-20,108.0,82.0
USW00012960,"HOUSTON INTERCONTINENTAL AIRPORT, TX US",2023-08-21,102.0,78.0
USW00012960,"HOUSTON INTERCONTINENTAL AIRPORT, TX US",2023-08-22,97.0,82.0
USW00012960,"HOUSTON INTERCONTINENTAL AIRPORT, TX US",2023-08-23,103.0,78.0
USW00012960,"HOUSTON INTERCONTINENTAL AIRPORT, TX US",2023-08-24,109.0,80.0
USW00012960,"HOUSTON INTERCONTINENTAL AIRPORT, TX US",2023-08-25,102.0,77.0
USW00012960,"HOUSTON INTERCONTINENTAL AIRPORT, TX US",2023-08-26,104.0,78.0
USW00012960,"HOUSTON INTERCONTINENTAL AIRPORT, TX US",2023-08-27,109.0,78.0
USW00012960,"HOUSTON INTERCONTINENTAL AIRPORT, TX US",2023-08-28,99.0,77.0
USW00012960,"HOUSTON INTERCONTINENTAL AIRPORT, TX US",2023-08-29,99.0,78.0
USW00012960,"HOUSTON INTERCONTINENTAL AIRPORT, TX US",2023-08-30,101.0,72.0
USW00012960,"HOUSTON INTERCONTINENTAL AIRPORT, TX US",2023-08-31,100.0,70.0
USW00012960,"HOUSTON INTERCONTINENTAL AIRPORT, TX US",2023-09-01,102.0,72.0
USW00012960,"HOUSTON INTERCONTINENTAL AIRPORT, TX US",2023-09-02,103.0,75.0
USW00012960,"HOUSTON INTERCONTINENTAL AIRPORT, TX US",2023-09-03,100.0,79.0
USW00012960,"HOUSTON INTERCONTINENTAL AIRPORT, TX US",2023-09-04,96.0,79.0
USW00012960,"HOUSTON INTERCONTINENTAL AIRPORT, TX US",2023-09-05,101.0,83.0
USW00012960,"HOUSTON INTERCONTINENTAL AIRPORT, TX US",2023-09-06,103.0,77.0
USW00012960,"HOUSTON INTERCONTINENTAL AIRPORT, TX US",2023-09-07,104.0,81.0
USW00012960,"HOUSTON INTERCONTINENTAL AIRPORT, TX US",2023-09-08,106.0,80.0
USW00012960,"HOUSTON INTERCONTINENTAL AIRPORT, TX US",2023-09-09,97.0,71.0
USW00012960,"HOUSTON INTERCONTINENTAL AIRPORT, TX US",2023-09-10,97.0,70.0
USW00012960,"HOUSTON INTERCONTINENTAL AIRPORT, TX US",2023-09-11,96.0,67.0
USW00012960,"HOUSTON INTERCONTINENTAL AIRPORT, TX US",2023-09-12,97.0,72.0
USW00012960,"HOUSTON INTERCONTINENTAL AIRPORT, TX US",2023-09-13,95.0,76.0
USW00012960,"HOUSTON INTERCONTINENTAL AIRPORT, TX US",2023-09-14,86.0,71.0
USW00012960,"HOUSTON INTERCONTINENTAL AIRPORT, TX US",2023-09-15,91.0,71.0
USW00012960,"HOUSTON INTERCONTINENTAL AIRPORT, TX US",2023-09-16,92.0,73.0
USW00012960,"HOUSTON INTERCONTINENTAL AIRPORT, TX US",2023-09-17,95.0,73.0
USW00012960,"HOUSTON INTERCONTINENTAL AIRPORT, TX US",2023-09-18,94.0,69.0
USW00012960,"HOUSTON INTERCONTINENTAL AIRPORT, TX US",2023-09-19,93.0,68.0
USW00012960,"HOUSTON INTERCONTINENTAL AIRPORT, TX US",2023-09-20,93.0,71.0
USW00012960,"HOUSTON INTERCONTINENTAL AIRPORT, TX US",2023-09-21,97.0,75.0
USW00012960,"HOUSTON INTERCONTINENTAL AIRPORT, TX US",2023-09-22,97.0,75.0
USW00012960,"HOUSTON INTERCONTINENTAL AIRPORT, TX US",2023-09-23,97.0,75.0
USW00012960,"HOUSTON INTERCONTINENTAL AIRPORT, TX US",2023-09-24,98.0,77.0
USW00012960,"HOUSTON INTERCONTINENTAL AIRPORT, TX US",2023-09-25,97.0,73.0
USW00012960,"HOUSTON INTERCONTINENTAL AIRPORT, TX US",2023-09-26,93.0,71.0
USW00012960,"HOUSTON INTERCONTINENTAL AIRPORT, TX US",2023-09-27,96.0,72.0
USW00012960,"HOUSTON INTERCONTINENTAL AIRPORT, TX US",2023-09-28,95.0,74.0
USW00012960,"HOUSTON INTERCONTINENTAL AIRPORT, TX US",2023-09-29,94.0,74.0
USW00012960,"HOUSTON INTERCONTINENTAL AIRPORT, TX US",2023-09-30,95.0,73.0
USW00012960,"HOUSTON INTERCONTINENTAL AIRPORT, TX US",2023-10-01,96.0,71.0
USW00012960,"HOUSTON INTERCONTINENTAL AIRPORT, TX US",2023-10-02,94.0,71.0
USW00012960,"HOUSTON INTERCONTINENTAL AIRPORT, TX US",2023-10-03,80.0,73.0
USW00012960,"HOUSTON INTERCONTINENTAL AIRPORT, TX US",2023-10-04,87.0,77.0
USW00012960,"HOUSTON INTERCONTINENTAL AIRPORT, TX US",2023-10-05,81.0,71.0
USW00012960,"HOUSTON INTERCONTINENTAL AIRPORT, TX US",2023-10-06,87.0,68.0
USW00012960,"HOUSTON INTERCONTINENTAL AIRPORT, TX US",2023-10-07,76.0,61.0
USW00012960,"HOUSTON INTERCONTINENTAL AIRPORT, TX US",2023-10-08,76.0,53.0
USW00012960,"HOUSTON INTERCONTINENTAL AIRPORT, TX US",2023-10-09,83.0,55.0
USW00012960,"HOUSTON INTERCONTINENTAL AIRPORT, TX US",2023-10-10,82.0,63.0
USW00012960,"HOUSTON INTERCONTINENTAL AIRPORT, TX US",2023-10-11,72.0,60.0
USW00012960,"HOUSTON INTERCONTINENTAL AIRPORT, TX US",2023-10-12,81.0,59.0
USW00012960,"HOUSTON INTERCONTINENTAL AIRPORT, TX US",2023-10-13,90.0,65.0
USW00012960,"HOUSTON INTERCONTINENTAL AIRPORT, TX US",2023-10-14,77.0,60.0
USW00012960,"HOUSTON INTERCONTINENTAL AIRPORT, TX US",2023-10-15,74.0,55.0
USW00012960,"HOUSTON INTERCONTINENTAL AIRPORT, TX US",2023-10-16,71.0,51.0
USW00012960,"HOUSTON INTERCONTINENTAL AIRPORT, TX US",2023-10-17,74.0,47.0
USW00012960,"HOUSTON INTERCONTINENTAL AIRPORT, TX US",2023-10-18,83.0,50.0
USW00012960,"HOUSTON INTERCONTINENTAL AIRPORT, TX US",2023-10-19,87.0,59.0
USW00012960,"HOUSTON INTERCONTINENTAL AIRPORT, TX US",2023-10-20,92.0,59.0
USW00012960,"HOUSTON INTERCONTINENTAL AIRPORT, TX US",2023-10-21,93.0,60.0
USW00012960,"HOUSTON INTERCONTINENTAL AIRPORT, TX US",2023-10-22,87.0,67.0
USW00012960,"HOUSTON INTERCONTINENTAL AIRPORT, TX US",2023-10-23,87.0,71.0
USW00012960,"HOUSTON INTERCONTINENTAL AIRPORT, TX US",2023-10-24,87.0,71.0
USW00012960,"HOUSTON INTERCONTINENTAL AIRPORT, TX US",2023-10-25,86.0,71.0
USW00012960,"HOUSTON INTERCONTINENTAL AIRPORT, TX US",2023-10-26,84.0,73.0
USW00012960,"HOUSTON INTERCONTINENTAL AIRPORT, TX US",2023-10-27,87.0,74.0
USW00012960,"HOUSTON INTERCONTINENTAL AIRPORT, TX US",2023-10-28,87.0,72.0
USW00012960,"HOUSTON INTERCONTINENTAL AIRPORT, TX US",2023-10-29,89.0,53.0
USW00012960,"HOUSTON INTERCONTINENTAL AIRPORT, TX US",2023-10-30,53.0,46.0
USW00012960,"HOUSTON INTERCONTINENTAL AIRPORT, TX US",2023-10-31,62.0,46.0
USW00012960,"HOUSTON INTERCONTINENTAL AIRPORT, TX US",2023-11-01,62.0,40.0
USW00012960,"HOUSTON INTERCONTINENTAL AIRPORT, TX US",2023-11-02,67.0,37.0
USW00012960,"HOUSTON INTERCONTINENTAL AIRPORT, TX US",2023-11-03,76.0,44.0
USW00012960,"HOUSTON INTERCONTINENTAL AIRPORT, TX US",2023-11-04,80.0,54.0
USW00012960,"HOUSTON INTERCONTINENTAL AIRPORT, TX US",2023-11-05,83.0,58.0
USW00012960,"HOUSTON INTERCONTINENTAL AIRPORT, TX US",2023-11-06,83.0,58.0
USW00012960,"HOUSTON INTERCONTINENTAL AIRPORT, TX US",2023-11-07,87.0,62.0
USW00012960,"HOUSTON INTERCONTINENTAL AIRPORT, TX US",2023-11-08,85.0,66.0
USW00012960,"HOUSTON INTERCONTINENTAL AIRPORT, TX US",2023-11-09,85.0,63.0
USW00012960,"HOUSTON INTERCONTINENTAL AIRPORT, TX US",2023-11-10,69.0,54.0
USW00012960,"HOUSTON INTERCONTINENTAL AIRPORT, TX US",2023-11-11,59.0,55.0
USW00012960,"HOUSTON INTERCONTINENTAL AIRPORT, TX US",2023-11-12,68.0,58.0
USW00012960,"HOUSTON INTERCONTINENTAL AIRPORT, TX US",2023-11-13,62.0,59.0
USW00012960,"HOUSTON INTERCONTINENTAL AIRPORT, TX US",2023-11-14,73.0,58.0
USW00012960,"HOUSTON INTERCONTINENTAL AIRPORT, TX US",2023-11-15,75.0,54.0
USW00012960,"HOUSTON INTERCONTINENTAL AIRPORT, TX US",2023-11-16,66.0,58.0
USW00012960,"HOUSTON INTERCONTINENTAL AIRPORT, TX US",2023-11-17,78.0,57.0
USW00012960,"HOUSTON INTERCONTINENTAL AIRPORT, TX US",2023-11-18,75.0,57.0
USW00012960,"HOUSTON INTERCONTINENTAL AIRPORT, TX US",2023-11-19,73.0,53.0
USW00012960,"HOUSTON INTERCONTINENTAL AIRPORT, TX US",2023-11-20,82.0,65.0
USW00012960,"HOUSTON INTERCONTINENTAL AIRPORT, TX US",2023-11-21,65.0,47.0
USW00012960,"HOUSTON INTERCONTINENTAL AIRPORT, TX US",2023-11-22,60.0,43.0
USW00012960,"HOUSTON INTERCONTINENTAL AIRPORT, TX US",2023-11-23,56.0,40.0
USW00012960,"HOUSTON INTERCONTINENTAL AIRPORT, TX US",2023-11-24,68.0,45.0
USW00012960,"HOUSTON INTERCONTINENTAL AIRPORT, TX US",2023-11-25,67.0,44.0
USW00012960,"HOUSTON INTERCONTINENTAL AIRPORT, TX US",2023-11-26,61.0,45.0
USW00012960,"HOUSTON INTERCONTINENTAL AIRPORT, TX US",2023-11-27,60.0,39.0
USW00012960,"HOUSTON INTERCONTINENTAL AIRPORT, TX US",2023-11-28,63.0,43.0
USW00012960,"HOUSTON INTERCONTINENTAL AIRPORT, TX US",2023-11-29,67.0,40.0
USW00012960,"HOUSTON INTERCONTINENTAL AIRPORT, TX US",2023-11-30,70.0,58.0
USW00012960,"HOUSTON INTERCONTINENTAL AIRPORT, TX US",2023-12-01,74.0,62.0
USW00012960,"HOUSTON INTERCONTINENTAL AIRPORT, TX US",2023-12-02,65.0,54.0
USW00012960,"HOUSTON INTERCONTINENTAL AIRPORT, TX US",2023-12-03,73.0,49.0
USW00012960,"HOUSTON INTERCONTINENTAL AIRPORT, TX US",2023-12-04,71.0,48.0
USW00012960,"HOUSTON INTERCONTINENTAL AIRPORT, TX US",2023-12-05,72.0,44.0
USW00012960,"HOUSTON INTERCONTINENTAL AIRPORT, TX US",2023-12-06,68.0,44.0
USW00012960,"HOUSTON INTERCONTINENTAL AIRPORT, TX US",2023-12-07,72.0,42.0
USW00012960,"HOUSTON INTERCONTINENTAL AIRPORT, TX US",2023-12-08,78.0,61.0
USW00012960,"HOUSTON INTERCONTINENTAL AIRPORT, TX US",2023-12-09,81.0,59.0
USW00012960,"HOUSTON INTERCONTINENTAL AIRPORT, TX US",2023-12-10,60.0,39.0
USW00012960,"HOUSTON INTERCONTINENTAL AIRPORT, TX US",2023-12-11,64.0,33.0
USW00012960,"HOUSTON INTERCONTINENTAL AIRPORT, TX US",2023-12-12,67.0,41.0
USW00012960,"HOUSTON INTERCONTINENTAL AIRPORT, TX US",2023-12-13,57.0,45.0
USW00012960,"HOUSTON INTERCONTINENTAL AIRPORT, TX US",2023-12-14,73.0,52.0
USW00012960,"HOUSTON INTERCONTINENTAL AIRPORT, TX US",2023-12-15,68.0,57.0
USW00012960,"HOUSTON INTERCONTINENTAL AIRPORT, TX US",2023-12-16,63.0,49.0
USW00012960,"HOUSTON INTERCONTINENTAL AIRPORT, TX US",2023-12-17,68.0,40.0
USW00012960,"HOUSTON INTERCONTINENTAL AIRPORT, TX US",2023-12-18,74.0,43.0
USW00012960,"HOUSTON INTERCONTINENTAL AIRPORT, TX US",2023-12-19,65.0,41.0
USW00012960,"HOUSTON INTERCONTINENTAL AIRPORT, TX US",2023-12-20,70.0,48.0
USW00012960,"HOUSTON INTERCONTINENTAL AIRPORT, TX US",2023-12-21,65.0,55.0
USW00012960,"HOUSTON INTERCONTINENTAL AIRPORT, TX US",2023-12-22,72.0,56.0
USW00012960,"HOUSTON INTERCONTINENTAL AIRPORT, TX US",2023-12-23,75.0,64.0
USW00012960,"HOUSTON INTERCONTINENTAL AIRPORT, TX US",2023-12-24,68.0,54.0
USW00012960,"HOUSTON INTERCONTINENTAL AIRPORT, TX US",2023-12-25,58.0,46.0
USW00012960,"HOUSTON INTERCONTINENTAL AIRPORT, TX US",2023-12-26,58.0,39.0
USW00012960,"HOUSTON INTERCONTINENTAL AIRPORT, TX US",2023-12-27,66.0,43.0
USW00012960,"HOUSTON INTERCONTINENTAL AIRPORT, TX US",2023-12-28,58.0,39.0
USW00012960,"HOUSTON INTERCONTINENTAL AIRPORT, TX US",2023-12-29,56.0,37.0
USW00012960,"HOUSTON INTERCONTINENTAL AIRPORT, TX US",2023-12-30,66.0,35.0
USW00012960,"HOUSTON INTERCONTINENTAL AIRPORT, TX US",2023-12-31,73.0,38.0
USW00012960,"HOUSTON INTERCONTINENTAL AIRPORT, TX US",2024-01-01,65.0,47.0
USW00012960,"HOUSTON INTERCONTINENTAL AIRPORT, TX US",2024-01-02,53.0,40.0
USW00012960,"HOUSTON INTERCONTINENTAL AIRPORT, TX US",2024-01-03,60.0,43.0
USW00012960,"HOUSTON INTERCONTINENTAL AIRPORT, TX US",2024-01-04,63.0,38.0
USW00012960,"HOUSTON INTERCONTINENTAL AIRPORT, TX US",2024-01-05,62.0,43.0
USW00012960,"HOUSTON INTERCONTINENTAL AIRPORT, TX US",2024-01-06,64.0,40.0
USW00012960,"HOUSTON INTERCONTINENTAL AIRPORT, TX US",2024-01-07,62.0,38.0
USW00012960,"HOUSTON INTERCONTINENTAL AIRPORT, TX US",2024-01-08,76.0,50.0
USW00012960,"HOUSTON INTERCONTINENTAL AIRPORT, TX US",2024-01-09,56.0,40.0
USW00012960,"HOUSTON INTERCONTINENTAL AIRPORT, TX US",2024-01-10,69.0,33.0
USW00012960,"HOUSTON INTERCONTINENTAL AIRPORT, TX US",2024-01-11,78.0,47.0
USW00012960,"HOUSTON INTERCONTINENTAL AIRPORT, TX US",2024-01-12,72.0,35.0
USW00012960,"HOUSTON INTERCONTINENTAL AIRPORT, TX US",2024-01-13,65.0,32.0
USW00012960,"HOUSTON INTERCONTINENTAL AIRPORT, TX US",2024-01-14,51.0,33.0
USW00012960,"HOUSTON INTERCONTINENTAL AIRPORT, TX US",2024-01-15,33.0,25.0
USW00012960,"HOUSTON INTERCONTINENTAL AIRPORT, TX US",2024-01-16,34.0,18.0
USW00012960,"HOUSTON INTERCONTINENTAL AIRPORT, TX US",2024-01-17,45.0,20.0
USW00012960,"HOUSTON INTERCONTINENTAL AIRPORT, TX US",2024-01-18,66.0,40.0
USW00012960,"HOUSTON INTERCONTINENTAL AIRPORT, TX US",2024-01-19,56.0,36.0
USW00012960,"HOUSTON INTERCONTINENTAL AIRPORT, TX US",2024-01-20,49.0,29.0
USW00012960,"HOUSTON INTERCONTINENTAL AIRPORT, TX US",2024-01-21,43.0,36.0
USW00012960,"HOUSTON INTERCONTINENTAL AIRPORT, TX US",2024-01-22,65.0,42.0
USW00012960,"HOUSTON INTERCONTINENTAL AIRPORT, TX US",2024-01-23,69.0,62.0
USW00012960,"HOUSTON INTERCONTINENTAL AIRPORT, TX US",2024-01-24,64.0,61.0
USW00012960,"HOUSTON INTERCONTINENTAL AIRPORT, TX US",2024-01-25,71.0,52.0
USW00012960,"HOUSTON INTERCONTINENTAL AIRPORT, TX US",2024-01-26,64.0,53.0
USW00012960,"HOUSTON INTERCONTINENTAL AIRPORT, TX US",2024-01-27,61.0,47.0
USW00012960,"HOUSTON INTERCONTINENTAL AIRPORT, TX US",2024-01-28,64.0,42.0
USW00012960,"HOUSTON INTERCONTINENTAL AIRPORT, TX US",2024-01-29,69.0,37.0
USW00012960,"HOUSTON INTERCONTINENTAL AIRPORT, TX US",2024-01-30,73.0,46.0
USW00012960,"HOUSTON INTERCONTINENTAL AIRPORT, TX US",2024-01-31,76.0,46.0
USW00012960,"HOUSTON INTERCONTINENTAL AIRPORT, TX US",2024-02-01,72.0,47.0
USW00012960,"HOUSTON INTERCONTINENTAL AIRPORT, TX US",2024-02-02,73.0,51.0
USW00012960,"HOUSTON INTERCONTINENTAL AIRPORT, TX US",2024-02-03,72.0,52.0
USW00012960,"HOUSTON INTERCONTINENTAL AIRPORT, TX US",2024-02-04,68.0,51.0
USW00012960,"HOUSTON INTERCONTINENTAL AIRPORT, TX US",2024-02-05,66.0,52.0
USW00012960,"HOUSTON INTERCONTINENTAL AIRPORT, TX US",2024-02-06,73.0,46.0
USW00012960,"HOUSTON INTERCONTINENTAL AIRPORT, TX US",2024-02-07,72.0,43.0
USW00012960,"HOUSTON INTERCONTINENTAL AIRPORT, TX US",2024-02-08,76.0,61.0
USW00012960,"HOUSTON INTERCONTINENTAL AIRPORT, TX US",2024-02-09,79.0,64.0
USW00012960,"HOUSTON INTERCONTINENTAL AIRPORT, TX US",2024-02-10,76.0,66.0
USW00012960,"HOUSTON INTERCONTINENTAL AIRPORT, TX US",2024-02-11,78.0,52.0
USW00012960,"HOUSTON INTERCONTINENTAL AIRPORT, TX US",2024-02-12,61.0,45.0
USW00012960,"HOUSTON INTERCONTINENTAL AIRPORT, TX US",2024-02-13,66.0,37.0
USW00012960,"HOUSTON INTERCONTINENTAL AIRPORT, TX US",2024-02-14,68.0,40.0
USW00012960,"HOUSTON INTERCONTINENTAL AIRPORT, TX US",2024-02-15,74.0,54.0
USW00012960,"HOUSTON INTERCONTINENTAL AIRPORT, TX US",2024-02-16,70.0,62.0
USW00012960,"HOUSTON INTERCONTINENTAL AIRPORT, TX US",2024-02-17,63.0,39.0
USW00012960,"HOUSTON INTERCONTINENTAL AIRPORT, TX US",2024-02-18,58.0,35.0
USW00012960,"HOUSTON INTERCONTINENTAL AIRPORT, TX US",2024-02-19,66.0,33.0
USW00012960,"HOUSTON INTERCONTINENTAL AIRPORT, TX US",2024-02-20,78.0,43.0
USW00012960,"HOUSTON INTERCONTINENTAL AIRPORT, TX US",2024-02-21,79.0,55.0
USW00012960,"HOUSTON INTERCONTINENTAL AIRPORT, TX US",2024-02-22,78.0,65.0
USW00012960,"HOUSTON INTERCONTINENTAL AIRPORT, TX US",2024-02-23,79.0,59.0
USW00012960,"HOUSTON INTERCONTINENTAL AIRPORT, TX US",2024-02-24,80.0,46.0
USW00012960,"HOUSTON INTERCONTINENTAL AIRPORT, TX US",2024-02-25,82.0,49.0
USW00012960,"HOUSTON INTERCONTINENTAL AIRPORT, TX US",2024-02-26,82.0,68.0
USW00012960,"HOUSTON INTERCONTINENTAL AIRPORT, TX US",2024-02-27,86.0,70.0
USW00012960,"HOUSTON INTERCONTINENTAL AIRPORT, TX US",2024-02-28,74.0,50.0
USW00012960,"HOUSTON INTERCONTINENTAL AIRPORT, TX US",2024-02-29,55.0,50.0
USW00012960,"HOUSTON INTERCONTINENTAL AIRPORT, TX US",2024-03-01,74.0,49.0
USW00012960,"HOUSTON INTERCONTINENTAL AIRPORT, TX US",2024-03-02,73.0,52.0
USW00012960,"HOUSTON INTERCONTINENTAL AIRPORT, TX US",2024-03-03,79.0,62.0
USW00012960,"HOUSTON INTERCONTINENTAL AIRPORT, TX US",2024-03-04,83.0,67.0
USW00012960,"HOUSTON INTERCONTINENTAL AIRPORT, TX US",2024-03-05,89.0,66.0
USW00012960,"HOUSTON INTERCONTINENTAL AIRPORT, TX US",2024-03-06,83.0,64.0
USW00012960,"HOUSTON INTERCONTINENTAL AIRPORT, TX US",2024-03-07,80.0,60.0
USW00012960,"HOUSTON INTERCONTINENTAL AIRPORT, TX US",2024-03-08,83.0,66.0
USW00012960,"HOUSTON INTERCONTINENTAL AIRPORT, TX US",2024-03-09,66.0,50.0
USW00012960,"HOUSTON INTERCONTINENTAL AIRPORT, TX US",2024-03-10,70.0,44.0
USW00012960,"HOUSTON INTERCONTINENTAL AIRPORT, TX US",2024-03-11,73.0,51.0
USW00012960,"HOUSTON INTERCONTINENTAL AIRPORT, TX US",2024-03-12,77.0,52.0
USW00012960,"HOUSTON INTERCONTINENTAL AIRPORT, TX US",2024-03-13,82.0,62.0
USW00012960,"HOUSTON INTERCONTINENTAL AIRPORT, TX US",2024-03-14,83.0,73.0
USW00012960,"HOUSTON INTERCONTINENTAL AIRPORT, TX US",2024-03-15,83.0,64.0
USW00012960,"HOUSTON INTERCONTINENTAL AIRPORT, TX US",2024-03-16,71.0,63.0
USW00012960,"HOUSTON INTERCONTINENTAL AIRPORT, TX US",2024-03-17,78.0,62.0
USW00012960,"HOUSTON INTERCONTINENTAL AIRPORT, TX US",2024-03-18,71.0,53.0
USW00012960,"HOUSTON INTERCONTINENTAL AIRPORT, TX US",2024-03-19,68.0,43.0
USW00012960,"HOUSTON INTERCONTINENTAL AIRPORT, TX US",2024-03-20,70.0,53.0
USW00012960,"HOUSTON INTERCONTINENTAL AIRPORT, TX US",2024-03-21,68.0,59.0
USW00012960,"HOUSTON INTERCONTINENTAL AIRPORT, TX US",2024-03-22,76.0,55.0
USW00012960,"HOUSTON INTERCONTINENTAL AIRPORT, TX US",2024-03-23,79.0,54.0
USW00012960,"HOUSTON INTERCONTINENTAL AIRPORT, TX US",2024-03-24,71.0,60.0
USW00012960,"HOUSTON INTERCONTINENTAL AIRPORT, TX US",2024-03-25,78.0,56.0
USW00012960,"HOUSTON INTERCONTINENTAL AIRPORT, TX US",2024-03-26,71.0,52.0
USW00012960,"HOUSTON INTERCONTINENTAL AIRPORT, TX US",2024-03-27,67.0,49.0
USW00012960,"HOUSTON INTERCONTINENTAL AIRPORT, TX US",2024-03-28,76.0,47.0
USW00012960,"HOUSTON INTERCONTINENTAL AIRPORT, TX US",2024-03-29,78.0,54.0
USW00012960,"HOUSTON INTERCONTINENTAL AIRPORT, TX US",2024-03-30,77.0,61.0
USW00012960,"HOUSTON INTERCONTINENTAL AIRPORT, TX US",2024-03-31,82.0,66.0
USW00012960,"HOUSTON INTERCONTINENTAL AIRPORT, TX US",2024-04-01,82.0,73.0
USW00012960,"HOUSTON INTERCONTINENTAL AIRPORT, TX US",2024-04-02,85.0,60.0
USW00012960,"HOUSTON INTERCONTINENTAL AIRPORT, TX US",2024-04-03,78.0,52.0
USW00012960,"HOUSTON INTERCONTINENTAL AIRPORT, TX US",2024-04-04,84.0,48.0
USW00012960,"HOUSTON INTERCONTINENTAL AIRPORT, TX US",2024-04-05,87.0,61.0
USW00012960,"HOUSTON INTERCONTINENTAL AIRPORT, TX US",2024-04-06,79.0,60.0
USW00012960,"HOUSTON INTERCONTINENTAL AIRPORT, TX US",2024-04-07,87.0,71.0
USW00012960,"HOUSTON INTERCONTINENTAL AIRPORT, TX US",2024-04-08,81.0,72.0
USW00012960,"HOUSTON INTERCONTINENTAL AIRPORT, TX US",2024-04-09,81.0,73.0
USW00012960,"HOUSTON INTERCONTINENTAL AIRPORT, TX US",2024-04-10,75.0,62.0
USW00012960,"HOUSTON INTERCONTINENTAL AIRPORT, TX US",2024-04-11,82.0,59.0
USW00012960,"HOUSTON INTERCONTINENTAL AIRPORT, TX US",2024-04-12,83.0,52.0
USW00012960,"HOUSTON INTERCONTINENTAL AIRPORT, TX US",2024-04-13,84.0,53.0
USW00012960,"HOUSTON INTERCONTINENTAL AIRPORT, TX US",2024-04-14,83.0,63.0
USW00012960,"HOUSTON INTERCONTINENTAL AIRPORT, TX US",2024-04-15,80.0,70.0
USW00012960,"HOUSTON INTERCONTINENTAL AIRPORT, TX US",2024-04-16,82.0,72.0
USW00012960,"HOUSTON INTERCONTINENTAL AIRPORT, TX US",2024-04-17,81.0,73.0
USW00012960,"HOUSTON INTERCONTINENTAL AIRPORT, TX US",2024-04-18,88.0,72.0
USW00012960,"HOUSTON INTERCONTINENTAL AIRPORT, TX US",2024-04-19,84.0,69.0
USW00012960,"HOUSTON INTERCONTINENTAL AIRPORT, TX US",2024-04-20,81.0,60.0
USW00012960,"HOUSTON INTERCONTINENTAL AIRPORT, TX US",2024-04-21,71.0,54.0
USW00012960,"HOUSTON INTERCONTINENTAL AIRPORT, TX US",2024-04-22,73.0,53.0
USW00012960,"HOUSTON INTERCONTINENTAL AIRPORT, TX US",2024-04-23,77.0,52.0
USW00012960,"HOUSTON INTERCONTINENTAL AIRPORT, TX US",2024-04-24,84.0,66.0
USW00012960,"HOUSTON INTERCONTINENTAL AIRPORT, TX US",2024-04-25,82.0,65.0
USW00012960,"HOUSTON INTERCONTINENTAL AIRPORT, TX US",2024-04-26,82.0,74.0
USW00012960,"HOUSTON INTERCONTINENTAL AIRPORT, TX US",2024-04-27,82.0,75.0
USW00012960,"HOUSTON INTERCONTINENTAL AIRPORT, TX US",2024-04-28,83.0,75.0
USW00012960,"HOUSTON INTERCONTINENTAL AIRPORT, TX US",2024-04-29,82.0,66.0
USW00012960,"HOUSTON INTERCONTINENTAL AIRPORT, TX US",2024-04-30,86.0,63.0
USW00012960,"HOUSTON INTERCONTINENTAL AIRPORT, TX US",2024-05-01,83.0,67.0
USW00012960,"HOUSTON INTERCONTINENTAL AIRPORT, TX US",2024-05-02,81.0,68.0
USW00012960,"HOUSTON INTERCONTINENTAL AIRPORT, TX US",2024-05-03,77.0,68.0
USW00012960,"HOUSTON INTERCONTINENTAL AIRPORT, TX US",2024-05-04,84.0,68.0
USW00012960,"HOUSTON INTERCONTINENTAL AIRPORT, TX US",2024-05-05,81.0,71.0
USW00012960,"HOUSTON INTERCONTINENTAL AIRPORT, TX US",2024-05-06,85.0,72.0
USW00012960,"HOUSTON INTERCONTINENTAL AIRPORT, TX US",2024-05-07,88.0,77.0
USW00012960,"HOUSTON INTERCONTINENTAL AIRPORT, TX US",2024-05-08,89.0,75.0
USW00012960,"HOUSTON INTERCONTINENTAL AIRPORT, TX US",2024-05-09,88.0,75.0
USW00012960,"HOUSTON INTERCONTINENTAL AIRPORT, TX US",2024-05-10,88.0,71.0
USW00012960,"HOUSTON INTERCONTINENTAL AIRPORT, TX US",2024-05-11,82.0,70.0
USW00012960,"HOUSTON INTERCONTINENTAL AIRPORT, TX US",2024-05-12,84.0,68.0
USW00012960,"HOUSTON INTERCONTINENTAL AIRPORT, TX US",2024-05-13,88.0,67.0
USW00012960,"HOUSTON INTERCONTINENTAL AIRPORT, TX US",2024-05-14,89.0,64.0
USW00012960,"HOUSTON INTERCONTINENTAL AIRPORT, TX US",2024-05-15,91.0,64.0
USW00012960,"HOUSTON INTERCONTINENTAL AIRPORT, TX US",2024-05-16,84.0,68.0
USW00012960,"HOUSTON INTERCONTINENTAL AIRPORT, TX US",2024-05-17,74.0,66.0
USW00012960,"HOUSTON INTERCONTINENTAL AIRPORT, TX US",2024-05-18,91.0,65.0
USW00012960,"HOUSTON INTERCONTINENTAL AIRPORT, TX US",2024-05-19,91.0,71.0
USW00012960,"HOUSTON INTERCONTINENTAL AIRPORT, TX US",2024-05-20,90.0,70.0
USW00012960,"HOUSTON INTERCONTINENTAL AIRPORT, TX US",2024-05-21,89.0,79.0
USW00012960,"HOUSTON INTERCONTINENTAL AIRPORT, TX US",2024-05-22,90.0,78.0
USW00012960,"HOUSTON INTERCONTINENTAL AIRPORT, TX US",2024-05-23,92.0,79.0
USW00012960,"HOUSTON INTERCONTINENTAL AIRPORT, TX US",2024-05-24,93.0,78.0
USW00012960,"HOUSTON INTERCONTINENTAL AIRPORT, TX US",2024-05-25,94.0,78.0
USW00012960,"HOUSTON INTERCONTINENTAL AIRPORT, TX US",2024-05-26,93.0,81.0
USW00012960,"HOUSTON INTERCONTINENTAL AIRPORT, TX US",2024-05-27,96.0,77.0
USW00012960,"HOUSTON INTERCONTINENTAL AIRPORT, TX US",2024-05-28,90.0,68.0
USW00012960,"HOUSTON INTERCONTINENTAL AIRPORT, TX US",2024-05-29,89.0,70.0
USW00012960,"HOUSTON INTERCONTINENTAL AIRPORT, TX US",2024-05-30,91.0,67.0
USW00012960,"HOUSTON INTERCONTINENTAL AIRPORT, TX US",2024-05-31,84.0,66.0
USW00012960,"HOUSTON INTERCONTINENTAL AIRPORT, TX US",2024-06-01,89.0,72.0
USW00012960,"HOUSTON INTERCONTINENTAL AIRPORT, TX US",2024-06-02,92.0,75.0
USW00012960,"HOUSTON INTERCONTINENTAL AIRPORT, TX US",2024-06-03,92.0,79.0
USW00012960,"HOUSTON INTERCONTINENTAL AIRPORT, TX US",2024-06-04,93.0,82.0
USW00012960,"HOUSTON INTERCONTINENTAL AIRPORT, TX US",2024-06-05,85.0,70.0
USW00012960,"HOUSTON INTERCONTINENTAL AIRPORT, TX US",2024-06-06,96.0,71.0
USW00012960,"HOUSTON INTERCONTINENTAL AIRPORT, TX US",2024-06-07,94.0,73.0
USW00012960,"HOUSTON INTERCONTINENTAL AIRPORT, TX US",2024-06-08,94.0,75.0
USW00012960,"HOUSTON INTERCONTINENTAL AIRPORT, TX US",2024-06-09,92.0,74.0
USW00012960,"HOUSTON INTERCONTINENTAL AIRPORT, TX US",2024-06-10,93.0,73.0
USW00012960,"HOUSTON INTERCONTINENTAL AIRPORT, TX US",2024-06-11,93.0,73.0
USW00012960,"HOUSTON INTERCONTINENTAL AIRPORT, TX US",2024-06-12,92.0,74.0
USW00012960,"HOUSTON INTERCONTINENTAL AIRPORT, TX US",2024-06-13,94.0,76.0
USW00012960,"HOUSTON INTERCONTINENTAL AIRPORT, TX US",2024-06-14,95.0,76.0
USW00012960,"HOUSTON INTERCONTINENTAL AIRPORT, TX US",2024-06-15,93.0,75.0
USW00012960,"HOUSTON INTERCONTINENTAL AIRPORT, TX US",2024-06-16,94.0,75.0
USW00012960,"HOUSTON INTERCONTINENTAL AIRPORT, TX US",2024-06-17,92.0,77.0
USW00012960,"HOUSTON INTERCONTINENTAL AIRPORT, TX US",2024-06-18,90.0,76.0
USW00012960,"HOUSTON INTERCONTINENTAL AIRPORT, TX US",2024-06-19,87.0,76.0
USW00012960,"HOUSTON INTERCONTINENTAL AIRPORT, TX US",2024-06-20,91.0,77.0
USW00012960,"HOUSTON INTERCONTINENTAL AIRPORT, TX US",2024-06-21,91.0,76.0
USW00012960,"HOUSTON INTERCONTINENTAL AIRPORT, TX US",2024-06-22,92.0,76.0
USW00012960,"HOUSTON INTERCONTINENTAL AIRPORT, TX US",2024-06-23,93.0,74.0
USW00012960,"HOUSTON INTERCONTINENTAL AIRPORT, TX US",2024-06-24,94.0,77.0
USW00012960,"HOUSTON INTERCONTINENTAL AIRPORT, TX US",2024-06-25,95.0,78.0
USW00012960,"HOUSTON INTERCONTINENTAL AIRPORT, TX US",2024-06-26,97.0,81.0
USW00012960,"HOUSTON INTERCONTINENTAL AIRPORT, TX US",2024-06-27,98.0,80.0
USW00012960,"HOUSTON INTERCONTINENTAL AIRPORT, TX US",2024-06-28,97.0,82.0
USW00012960,"HOUSTON INTERCONTINENTAL AIRPORT, TX US",2024-06-29,98.0,80.0
USW00012960,"HOUSTON INTERCONTINENTAL AIRPORT, TX US",2024-06-30,97.0,79.0
USW00012960,"HOUSTON INTERCONTINENTAL AIRPORT, TX US",2024-07-01,100.0,80.0
USW00012960,"HOUSTON INTERCONTINENTAL AIRPORT, TX US",2024-07-02,97.0,81.0
USW00012960,"HOUSTON INTERCONTINENTAL AIRPORT, TX US",2024-07-03,94.0,80.0
USW00012960,"HOUSTON INTERCONTINENTAL AIRPORT, TX US",2024-07-04,98.0,82.0
USW00012960,"HOUSTON INTERCONTINENTAL AIRPORT, TX US",2024-07-05,99.0,79.0
USW00012960,"HOUSTON INTERCONTINENTAL AIRPORT, TX US",2024-07-06,98.0,76.0
USW00012960,"HOUSTON INTERCONTINENTAL AIRPORT, TX US",2024-07-07,90.0,76.0
USW00012960,"HOUSTON INTERCONTINENTAL AIRPORT, TX US",2024-07-08,84.0,74.0
USW00012960,"HOUSTON INTERCONTINENTAL AIRPORT, TX US",2024-07-09,95.0,74.0
USW00012960,"HOUSTON INTERCONTINENTAL AIRPORT, TX US",2024-07-10,95.0,76.0
USW00012960,"HOUSTON INTERCONTINENTAL AIRPORT, TX US",2024-07-11,92.0,77.0
USW00012960,"HOUSTON INTERCONTINENTAL AIRPORT, TX US",2024-07-12,89.0,72.0
USW00012960,"HOUSTON INTERCONTINENTAL AIRPORT, TX US",2024-07-13,90.0,75.0
USW00012960,"HOUSTON INTERCONTINENTAL AIRPORT, TX US",2024-07-14,93.0,75.0
USW00012960,"HOUSTON INTERCONTINENTAL AIRPORT, TX US",2024-07-15,94.0,78.0
USW00012960,"HOUSTON INTERCONTINENTAL AIRPORT, TX US",2024-07-16,96.0,76.0
USW00012960,"HOUSTON INTERCONTINENTAL AIRPORT, TX US",2024-07-17,94.0,78.0
USW00012960,"HOUSTON INTERCONTINENTAL AIRPORT, TX US",2024-07-18,87.0,74.0
USW00012960,"HOUSTON INTERCONTINENTAL AIRPORT, TX US",2024-07-19,92.0,76.0
USW00012960,"HOUSTON INTERCONTINENTAL AIRPORT, TX US",2024-07-20,94.0,76.0
USW00012960,"HOUSTON INTERCONTINENTAL AIRPORT, TX US",2024-07-21,95.0,77.0
USW00012960,"HOUSTON INTERCONTINENTAL AIRPORT, TX US",2024-07-22,92.0,75.0
USW00012960,"HOUSTON INTERCONTINENTAL AIRPORT, TX US",2024-07-23,87.0,75.0
USW00012960,"HOUSTON INTERCONTINENTAL AIRPORT, TX US",2024-07-24,85.0,75.0
USW00012960,"HOUSTON INTERCONTINENTAL AIRPORT, TX US",2024-07-25,78.0,73.0
USW00012960,"HOUSTON INTERCONTINENTAL AIRPORT, TX US",2024-07-26,80.0,72.0
USW00012960,"HOUSTON INTERCONTINENTAL AIRPORT, TX US",2024-07-27,82.0,76.0
USW00012960,"HOUSTON INTERCONTINENTAL AIRPORT, TX US",2024-07-28,87.0,76.0
USW00012960,"HOUSTON INTERCONTINENTAL AIRPORT, TX US",2024-07-29,95.0,79.0
USW00012960,"HOUSTON INTERCONTINENTAL AIRPORT, TX US",2024-07-30,96.0,79.0
USW00012960,"HOUSTON INTERCONTINENTAL AIRPORT, TX US",2024-07-31,96.0,79.0
USW00012960,"HOUSTON INTERCONTINENTAL AIRPORT, TX US",2024-08-01,97.0,76.0
USW00012960,"HOUSTON INTERCONTINENTAL AIRPORT, TX US",2024-08-02,97.0,79.0
USW00012960,"HOUSTON INTERCONTINENTAL AIRPORT, TX US",2024-08-03,99.0,80.0
USW00012960,"HOUSTON INTERCONTINENTAL AIRPORT, TX US",2024-08-04,95.0,77.0
USW00012960,"HOUSTON INTERCONTINENTAL AIRPORT, TX US",2024-08-05,97.0,80.0
USW00012960,"HOUSTON INTERCONTINENTAL AIRPORT, TX US",2024-08-06,98.0,78.0
USW00012960,"HOUSTON INTERCONTINENTAL AIRPORT, TX US",2024-08-07,100.0,81.0
USW00012960,"HOUSTON INTERCONTINENTAL AIRPORT, TX US",2024-08-08,99.0,80.0
USW00012960,"HOUSTON INTERCONTINENTAL AIRPORT, TX US",2024-08-09,98.0,82.0
USW00012960,"HOUSTON INTERCONTINENTAL AIRPORT, TX US",2024-08-10,96.0,79.0
USW00012960,"HOUSTON INTERCONTINENTAL AIRPORT, TX US",2024-08-11,96.0,76.0
USW00012960,"HOUSTON INTERCONTINENTAL AIRPORT, TX US",2024-08-12,99.0,76.0
USW00012960,"HOUSTON INTERCONTINENTAL AIRPORT, TX US",2024-08-13,94.0,79.0
USW00012960,"HOUSTON INTERCONTINENTAL AIRPORT, TX US",2024-08-14,99.0,78.0
USW00012960,"HOUSTON INTERCONTINENTAL AIRPORT, TX US",2024-08-15,98.0,77.0
USW00012960,"HOUSTON INTERCONTINENTAL AIRPORT, TX US",2024-08-16,100.0,78.0
USW00012960,"HOUSTON INTERCONTINENTAL AIRPORT, TX US",2024-08-17,100.0,78.0
USW00012960,"HOUSTON INTERCONTINENTAL AIRPORT, TX US",2024-08-18,100.0,80.0
USW00012960,"HOUSTON INTERCONTINENTAL AIRPORT, TX US",2024-08-19,101.0,79.0
USW00012960,"HOUSTON INTERCONTINENTAL AIRPORT, TX US",2024-08-20,102.0,82.0
USW00012960,"HOUSTON INTERCONTINENTAL AIRPORT, TX US",2024-08-21,102.0,80.0
USW00012960,"HOUSTON INTERCONTINENTAL AIRPORT, TX US",2024-08-22,100.0,81.0
USW00012960,"HOUSTON INTERCONTINENTAL AIRPORT, TX US",2024-08-23,98.0,81.0
USW00012960,"HOUSTON INTERCONTINENTAL AIRPORT, TX US",2024-08-24,98.0,76.0
USW00012960,"HOUSTON INTERCONTINENTAL AIRPORT, TX US",2024-08-25,99.0,76.0
USW00012960,"HOUSTON INTERCONTINENTAL AIRPORT, TX US",2024-08-26,89.0,76.0
USW00012960,"HOUSTON INTERCONTINENTAL AIRPORT, TX US",2024-08-27,91.0,76.0
USW00012960,"HOUSTON INTERCONTINENTAL AIRPORT, TX US",2024-08-28,95.0,76.0
USW00012960,"HOUSTON INTERCONTINENTAL AIRPORT, TX US",2024-08-29,90.0,75.0
USW00012960,"HOUSTON INTERCONTINENTAL AIRPORT, TX US",2024-08-30,90.0,77.0
USW00012960,"HOUSTON INTERCONTINENTAL AIRPORT, TX US",2024-08-31,91.0,76.0
USW00012960,"HOUSTON INTERCONTINENTAL AIRPORT, TX US",2024-09-01,92.0,77.0
USW00012960,"HOUSTON INTERCONTINENTAL AIRPORT, TX US",2024-09-02,91.0,76.0
USW00012960,"HOUSTON INTERCONTINENTAL AIRPORT, TX US",2024-09-03,93.0,77.0
USW00012960,"HOUSTON INTERCONTINENTAL AIRPORT, TX US",2024-09-04,90.0,77.0
USW00012960,"HOUSTON INTERCONTINENTAL AIRPORT, TX US",2024-09-05,87.0,76.0
USW00012960,"HOUSTON INTERCONTINENTAL AIRPORT, TX US",2024-09-06,83.0,73.0
USW00012960,"HOUSTON INTERCONTINENTAL AIRPORT, TX US",2024-09-07,91.0,70.0
USW00012960,"HOUSTON INTERCONTINENTAL AIRPORT, TX US",2024-09-08,88.0,70.0
USW00012960,"HOUSTON INTERCONTINENTAL AIRPORT, TX US",2024-09-09,91.0,67.0
USW00012960,"HOUSTON INTERCONTINENTAL AIRPORT, TX US",2024-09-10,89.0,73.0
USW00012960,"HOUSTON INTERCONTINENTAL AIRPORT, TX US",2024-09-11,86.0,74.0
USW00012960,"HOUSTON INTERCONTINENTAL AIRPORT, TX US",2024-09-12,89.0,71.0
USW00012960,"HOUSTON INTERCONTINENTAL AIRPORT, TX US",2024-09-13,97.0,68.0
USW00012960,"HOUSTON INTERCONTINENTAL AIRPORT, TX US",2024-09-14,97.0,80.0
USW00012960,"HOUSTON INTERCONTINENTAL AIRPORT, TX US",2024-09-15,96.0,77.0
USW00012960,"HOUSTON INTERCONTINENTAL AIRPORT, TX US",2024-09-16,96.0,74.0
USW00012960,"HOUSTON INTERCONTINENTAL AIRPORT, TX US",2024-09-17,96.0,73.0
USW00012960,"HOUSTON INTERCONTINENTAL AIRPORT, TX US",2024-09-18,97.0,74.0
USW00012960,"HOUSTON INTERCONTINENTAL AIRPORT, TX US",2024-09-19,98.0,74.0
USW00012960,"HOUSTON INTERCONTINENTAL AIRPORT, TX US",2024-09-20,98.0,75.0
USW00012960,"HOUSTON INTERCONTINENTAL AIRPORT, TX US",2024-09-21,96.0,75.0
USW00012960,"HOUSTON INTERCONTINENTAL AIRPORT, TX US",2024-09-22,96.0,74.0
USW00012960,"HOUSTON INTERCONTINENTAL AIRPORT, TX US",2024-09-23,95.0,73.0
USW00012960,"HOUSTON INTERCONTINENTAL AIRPORT, TX US",2024-09-24,95.0,74.0
USW00012960,"HOUSTON INTERCONTINENTAL AIRPORT, TX US",2024-09-25,95.0,75.0
USW00012960,"HOUSTON INTERCONTINENTAL AIRPORT, TX US",2024-09-26,89.0,67.0
USW00012960,"HOUSTON INTERCONTINENTAL AIRPORT, TX US",2024-09-27,92.0,64.0
USW00012960,"HOUSTON INTERCONTINENTAL AIRPORT, TX US",2024-09-28,94.0,65.0
USW00012960,"HOUSTON INTERCONTINENTAL AIRPORT, TX US",2024-09-29,95.0,65.0
USW00012960,"HOUSTON INTERCONTINENTAL AIRPORT, TX US",2024-09-30,95.0,67.0
USW00012960,"HOUSTON INTERCONTINENTAL AIRPORT, TX US",2024-10-01,96.0,70.0
USW00012960,"HOUSTON INTERCONTINENTAL AIRPORT, TX US",2024-10-02,94.0,70.0
USW00012960,"HOUSTON INTERCONTINENTAL AIRPORT, TX US",2024-10-03,93.0,69.0
USW00012960,"HOUSTON INTERCONTINENTAL AIRPORT, TX US",2024-10-04,94.0,72.0
USW00012960,"HOUSTON INTERCONTINENTAL AIRPORT, TX US",2024-10-05,88.0,74.0
USW00012960,"HOUSTON INTERCONTINENTAL AIRPORT, TX US",2024-10-06,94.0,74.0
USW00012960,"HOUSTON INTERCONTINENTAL AIRPORT, TX US",2024-10-07,94.0,69.0
USW00012960,"HOUSTON INTERCONTINENTAL AIRPORT, TX US",2024-10-08,90.0,63.0
USW00012960,"HOUSTON INTERCONTINENTAL AIRPORT, TX US",2024-10-09,92.0,57.0
USW00012960,"HOUSTON INTERCONTINENTAL AIRPORT, TX US",2024-10-10,92.0,60.0
USW00012960,"HOUSTON INTERCONTINENTAL AIRPORT, TX US",2024-10-11,93.0,59.0
USW00012960,"HOUSTON INTERCONTINENTAL AIRPORT, TX US",2024-10-12,91.0,61.0
USW00012960,"HOUSTON INTERCONTINENTAL AIRPORT, TX US",2024-10-13,94.0,66.0
USW00012960,"HOUSTON INTERCONTINENTAL AIRPORT, TX US",2024-10-14,99.0,72.0
USW00012960,"HOUSTON INTERCONTINENTAL AIRPORT, TX US",2024-10-15,98.0,62.0
USW00012960,"HOUSTON INTERCONTINENTAL AIRPORT, TX US",2024-10-16,77.0,52.0
USW00012960,"HOUSTON INTERCONTINENTAL AIRPORT, TX US",2024-10-17,76.0,47.0
USW00012960,"HOUSTON INTERCONTINENTAL AIRPORT, TX US",2024-10-18,83.0,52.0
USW00012960,"HOUSTON INTERCONTINENTAL AIRPORT, TX US",2024-10-19,85.0,56.0
USW00012960,"HOUSTON INTERCONTINENTAL AIRPORT, TX US",2024-10-20,86.0,59.0
USW00012960,"HOUSTON INTERCONTINENTAL AIRPORT, TX US",2024-10-21,86.0,56.0
USW00012960,"HOUSTON INTERCONTINENTAL AIRPORT, TX US",2024-10-22,87.0,56.0
USW00012960,"HOUSTON INTERCONTINENTAL AIRPORT, TX US",2024-10-23,91.0,61.0
USW00012960,"HOUSTON INTERCONTINENTAL AIRPORT, TX US",2024-10-24,89.0,58.0
USW00012960,"HOUSTON INTERCONTINENTAL AIRPORT, TX US",2024-10-25,92.0,62.0
USW00012960,"HOUSTON INTERCONTINENTAL AIRPORT, TX US",2024-10-26,91.0,66.0
USW00012960,"HOUSTON INTERCONTINENTAL AIRPORT, TX US",2024-10-27,90.0,64.0
USW00012960,"HOUSTON INTERCONTINENTAL AIRPORT, TX US",2024-10-28,89.0,63.0
USW00012960,"HOUSTON INTERCONTINENTAL AIRPORT, TX US",2024-10-29,88.0,72.0
USW00012960,"HOUSTON INTERCONTINENTAL AIRPORT, TX US",2024-10-30,86.0,72.0
USW00012960,"HOUSTON INTERCONTINENTAL AIRPORT, TX US",2024-10-31,87.0,71.0
USW00012960,"HOUSTON INTERCONTINENTAL AIRPORT, TX US",2024-11-01,84.0,72.0
USW00012960,"HOUSTON INTERCONTINENTAL AIRPORT, TX US",2024-11-02,84.0,72.0
USW00012960,"HOUSTON INTERCONTINENTAL AIRPORT, TX US",2024-11-03,85.0,75.0
USW00012960,"HOUSTON INTERCONTINENTAL AIRPORT, TX US",2024-11-04,86.0,78.0
USW00012960,"HOUSTON INTERCONTINENTAL AIRPORT, TX US",2024-11-05,82.0,66.0
USW00012960,"HOUSTON INTERCONTINENTAL AIRPORT, TX US",2024-11-06,86.0,64.0
USW00012960,"HOUSTON INTERCONTINENTAL AIRPORT, TX US",2024-11-07,89.0,74.0
USW00012960,"HOUSTON INTERCONTINENTAL AIRPORT, TX US",2024-11-08,87.0,73.0
USW00012960,"HOUSTON INTERCONTINENTAL AIRPORT, TX US",2024-11-09,83.0,66.0
USW00012960,"HOUSTON INTERCONTINENTAL AIRPORT, TX US",2024-11-10,81.0,69.0
USW00012960,"HOUSTON INTERCONTINENTAL AIRPORT, TX US",2024-11-11,86.0,63.0
USW00012960,"HOUSTON INTERCONTINENTAL AIRPORT, TX US",2024-11-12,81.0,60.0
USW00012960,"HOUSTON INTERCONTINENTAL AIRPORT, TX US",2024-11-13,85.0,56.0
USW00012960,"HOUSTON INTERCONTINENTAL AIRPORT, TX US",2024-11-14,78.0,52.0
USW00012960,"HOUSTON INTERCONTINENTAL AIRPORT, TX US",2024-11-15,76.0,48.0
USW00012960,"HOUSTON INTERCONTINENTAL AIRPORT, TX US",2024-11-16,79.0,51.0
USW00012960,"HOUSTON INTERCONTINENTAL AIRPORT, TX US",2024-11-17,82.0,71.0
USW00012960,"HOUSTON INTERCONTINENTAL AIRPORT, TX US",2024-11-18,86.0,62.0
USW00012960,"HOUSTON INTERCONTINENTAL AIRPORT, TX US",2024-11-19,82.0,53.0
USW00012960,"HOUSTON INTERCONTINENTAL AIRPORT, TX US",2024-11-20,70.0,51.0
USW00012960,"HOUSTON INTERCONTINENTAL AIRPORT, TX US",2024-11-21,72.0,43.0
USW00012960,"HOUSTON INTERCONTINENTAL AIRPORT, TX US",2024-11-22,76.0,45.0
USW00012960,"HOUSTON INTERCONTINENTAL AIRPORT, TX US",2024-11-23,76.0,46.0
USW00012960,"HOUSTON INTERCONTINENTAL AIRPORT, TX US",2024-11-24,83.0,53.0
USW00012960,"HOUSTON INTERCONTINENTAL AIRPORT, TX US",2024-11-25,86.0,56.0
USW00012960,"HOUSTON INTERCONTINENTAL AIRPORT, TX US",2024-11-26,70.0,48.0
USW00012960,"HOUSTON INTERCONTINENTAL AIRPORT, TX US",2024-11-27,81.0,58.0
USW00012960,"HOUSTON INTERCONTINENTAL AIRPORT, TX US",2024-11-28,73.0,51.0
USW00012960,"HOUSTON INTERCONTINENTAL AIRPORT, TX US",2024-11-29,62.0,45.0
USW00012960,"HOUSTON INTERCONTINENTAL AIRPORT, TX US",2024-11-30,64.0,39.0
USW00012960,"HOUSTON INTERCONTINENTAL AIRPORT, TX US",2024-12-01,70.0,50.0
USW00012960,"HOUSTON INTERCONTINENTAL AIRPORT, TX US",2024-12-02,68.0,41.0
USW00012960,"HOUSTON INTERCONTINENTAL AIRPORT, TX US",2024-12-03,68.0,42.0
USW00012960,"HOUSTON INTERCONTINENTAL AIRPORT, TX US",2024-12-04,74.0,54.0
USW00012960,"HOUSTON INTERCONTINENTAL AIRPORT, TX US",2024-12-05,69.0,54.0
USW00012960,"HOUSTON INTERCONTINENTAL AIRPORT, TX US",2024-12-06,60.0,43.0
USW00012960,"HOUSTON INTERCONTINENTAL AIRPORT, TX US",2024-12-07,54.0,44.0
USW00012960,"HOUSTON INTERCONTINENTAL AIRPORT, TX US",2024-12-08,63.0,52.0
USW00012960,"HOUSTON INTERCONTINENTAL AIRPORT, TX US",2024-12-09,76.0,60.0
USW00012960,"HOUSTON INTERCONTINENTAL AIRPORT, TX US",2024-12-10,68.0,47.0
USW00012960,"HOUSTON INTERCONTINENTAL AIRPORT, TX US",2024-12-11,64.0,39.0
USW00012960,"HOUSTON INTERCONTINENTAL AIRPORT, TX US",2024-12-12,64.0,35.0
USW00012960,"HOUSTON INTERCONTINENTAL AIRPORT, TX US",2024-12-13,66.0,57.0
USW00012960,"HOUSTON INTERCONTINENTAL AIRPORT, TX US",2024-12-14,77.0,64.0
USW00012960,"HOUSTON INTERCONTINENTAL AIRPORT, TX US",2024-12-15,82.0,66.0
USW00012960,"HOUSTON INTERCONTINENTAL AIRPORT, TX US",2024-12-16,81.0,65.0
USW00012960,"HOUSTON INTERCONTINENTAL AIRPORT, TX US",2024-12-17,81.0,64.0
USW00012960,"HOUSTON INTERCONTINENTAL AIRPORT, TX US",2024-12-18,77.0,54.0
USW00012960,"HOUSTON INTERCONTINENTAL AIRPORT, TX US",2024-12-19,66.0,47.0
USW00012960,"HOUSTON INTERCONTINENTAL AIRPORT, TX US",2024-12-20,72.0,46.0
USW00012960,"HOUSTON INTERCONTINENTAL AIRPORT, TX US",2024-12-21,61.0,39.0
USW00012960,"HOUSTON INTERCONTINENTAL AIRPORT, TX US",2024-12-22,65.0,37.0
USW00012960,"HOUSTON INTERCONTINENTAL AIRPORT, TX US",2024-12-23,74.0,46.0
USW00012960,"HOUSTON INTERCONTINENTAL AIRPORT, TX US",2024-12-24,77.0,63.0
USW00012960,"HOUSTON INTERCONTINENTAL AIRPORT, TX US",2024-12-25,69.0,57.0
USW00012960,"HOUSTON INTERCONTINENTAL AIRPORT, TX US",2024-12-26,75.0,58.0
USW00012960,"HOUSTON INTERCONTINENTAL AIRPORT, TX US",2024-12-27,79.0,51.0
USW00012960,"HOUSTON INTERCONTINENTAL AIRPORT, TX US",2024-12-28,80.0,53.0
USW00012960,"HOUSTON INTERCONTINENTAL AIRPORT, TX US",2024-12-29,67.0,52.0
USW00012960,"HOUSTON INTERCONTINENTAL AIRPORT, TX US",2024-12-30,82.0,57.0
USW00012960,"HOUSTON INTERCONTINENTAL AIRPORT, TX US",2024-12-31,73.0,51.0
USW00012960,"HOUSTON INTERCONTINENTAL AIRPORT, TX US",2025-01-01,64.0,46.0
USW00012960,"HOUSTON INTERCONTINENTAL AIRPORT, TX US",2025-01-02,61.0,46.0
USW00012960,"HOUSTON INTERCONTINENTAL AIRPORT, TX US",2025-01-03,73.0,55.0
USW00012960,"HOUSTON INTERCONTINENTAL AIRPORT, TX US",2025-01-04,70.0,57.0
USW00012960,"HOUSTON INTERCONTINENTAL AIRPORT, TX US",2025-01-05,78.0,39.0
USW00012960,"HOUSTON INTERCONTINENTAL AIRPORT, TX US",2025-01-06,46.0,31.0
USW00012960,"HOUSTON INTERCONTINENTAL AIRPORT, TX US",2025-01-07,52.0,31.0
USW00012960,"HOUSTON INTERCONTINENTAL AIRPORT, TX US",2025-01-08,43.0,37.0
USW00012960,"HOUSTON INTERCONTINENTAL AIRPORT, TX US",2025-01-09,44.0,37.0
USW00012960,"HOUSTON INTERCONTINENTAL AIRPORT, TX US",2025-01-10,43.0,37.0
USW00012960,"HOUSTON INTERCONTINENTAL AIRPORT, TX US",2025-01-11,55.0,32.0
USW00012960,"HOUSTON INTERCONTINENTAL AIRPORT, TX US",2025-01-12,57.0,38.0
USW00012960,"HOUSTON INTERCONTINENTAL AIRPORT, TX US",2025-01-13,61.0,43.0
USW00012960,"HOUSTON INTERCONTINENTAL AIRPORT, TX US",2025-01-14,52.0,39.0
USW00012960,"HOUSTON INTERCONTINENTAL AIRPORT, TX US",2025-01-15,55.0,45.0
USW00012960,"HOUSTON INTERCONTINENTAL AIRPORT, TX US",2025-01-16,66.0,39.0
USW00012960,"HOUSTON INTERCONTINENTAL AIRPORT, TX US",2025-01-17,67.0,40.0
USW00012960,"HOUSTON INTERCONTINENTAL AIRPORT, TX US",2025-01-18,67.0,46.0
USW00012960,"HOUSTON INTERCONTINENTAL AIRPORT, TX US",2025-01-19,46.0,31.0
USW00012960,"HOUSTON INTERCONTINENTAL AIRPORT, TX US",2025-01-20,37.0,28.0
USW00012960,"HOUSTON INTERCONTINENTAL AIRPORT, TX US",2025-01-21,41.0,26.0
USW00012960,"HOUSTON INTERCONTINENTAL AIRPORT, TX US",2025-01-22,47.0,20.0
USW00012960,"HOUSTON INTERCONTINENTAL AIRPORT, TX US",2025-01-23,59.0,29.0
USW00012960,"HOUSTON INTERCONTINENTAL AIRPORT, TX US",2025-01-24,59.0,29.0
USW00012960,"HOUSTON INTERCONTINENTAL AIRPORT, TX US",2025-01-25,62.0,33.0
USW00012960,"HOUSTON INTERCONTINENTAL AIRPORT, TX US",2025-01-26,69.0,56.0
USW00012960,"HOUSTON INTERCONTINENTAL AIRPORT, TX US",2025-01-27,57.0,52.0
USW00012960,"HOUSTON INTERCONTINENTAL AIRPORT, TX US",2025-01-28,61.0,52.0
USW00012960,"HOUSTON INTERCONTINENTAL AIRPORT, TX US",2025-01-29,68.0,57.0
USW00012960,"HOUSTON INTERCONTINENTAL AIRPORT, TX US",2025-01-30,74.0,57.0
USW00012960,"HOUSTON INTERCONTINENTAL AIRPORT, TX US",2025-01-31,71.0,49.0
USW00012960,"HOUSTON INTERCONTINENTAL AIRPORT, TX US",2025-02-01,74.0,42.0
USW00012960,"HOUSTON INTERCONTINENTAL AIRPORT, TX US",2025-02-02,79.0,44.0
USW00012960,"HOUSTON INTERCONTINENTAL AIRPORT, TX US",2025-02-03,83.0,63.0
USW00012960,"HOUSTON INTERCONTINENTAL AIRPORT, TX US",2025-02-04,84.0,68.0
USW00012960,"HOUSTON INTERCONTINENTAL AIRPORT, TX US",2025-02-05,83.0,68.0
USW00012960,"HOUSTON INTERCONTINENTAL AIRPORT, TX US",2025-02-06,83.0,69.0
USW00012960,"HOUSTON INTERCONTINENTAL AIRPORT, TX US",2025-02-07,84.0,67.0
USW00012960,"HOUSTON INTERCONTINENTAL AIRPORT, TX US",2025-02-08,86.0,70.0
USW00012960,"HOUSTON INTERCONTINENTAL AIRPORT, TX US",2025-02-09,84.0,67.0
USW00012960,"HOUSTON INTERCONTINENTAL AIRPORT, TX US",2025-02-10,75.0,60.0
USW00012960,"HOUSTON INTERCONTINENTAL AIRPORT, TX US",2025-02-11,72.0,57.0
USW00012960,"HOUSTON INTERCONTINENTAL AIRPORT, TX US",2025-02-12,75.0,50.0
USW00012960,"HOUSTON INTERCONTINENTAL AIRPORT, TX US",2025-02-13,56.0,42.0
USW00012960,"HOUSTON INTERCONTINENTAL AIRPORT, TX US",2025-02-14,55.0,44.0
USW00012960,"HOUSTON INTERCONTINENTAL AIRPORT, TX US",2025-02-15,81.0,54.0
USW00012960,"HOUSTON INTERCONTINENTAL AIRPORT, TX US",2025-02-16,60.0,41.0
USW00012960,"HOUSTON INTERCONTINENTAL AIRPORT, TX US",2025-02-17,61.0,38.0
USW00012960,"HOUSTON INTERCONTINENTAL AIRPORT, TX US",2025-02-18,64.0,49.0
USW00012960,"HOUSTON INTERCONTINENTAL AIRPORT, TX US",2025-02-19,49.0,29.0
USW00012960,"HOUSTON INTERCONTINENTAL AIRPORT, TX US",2025-02-20,43.0,27.0
USW00012960,"HOUSTON INTERCONTINENTAL AIRPORT, TX US",2025-02-21,41.0,34.0
USW00012960,"HOUSTON INTERCONTINENTAL AIRPORT, TX US",2025-02-22,44.0,37.0
USW00012960,"HOUSTON INTERCONTINENTAL AIRPORT, TX US",2025-02-23,55.0,44.0
USW00012960,"HOUSTON INTERCONTINENTAL AIRPORT, TX US",2025-02-24,70.0,47.0
USW00012960,"HOUSTON INTERCONTINENTAL AIRPORT, TX US",2025-02-25,75.0,49.0
USW00012960,"HOUSTON INTERCONTINENTAL AIRPORT, TX US",2025-02-26,82.0,51.0
USW00012960,"HOUSTON INTERCONTINENTAL AIRPORT, TX US",2025-02-27,73.0,56.0
USW00012960,"HOUSTON INTERCONTINENTAL AIRPORT, TX US",2025-02-28,77.0,49.0
USW00012960,"HOUSTON INTERCONTINENTAL AIRPORT, TX US",2025-03-01,85.0,51.0
USW00012960,"HOUSTON INTERCONTINENTAL AIRPORT, TX US",2025-03-02,74.0,55.0
USW00012960,"HOUSTON INTERCONTINENTAL AIRPORT, TX US",2025-03-03,79.0,63.0
USW00012960,"HOUSTON INTERCONTINENTAL AIRPORT, TX US",2025-03-04,78.0,55.0
USW00012960,"HOUSTON INTERCONTINENTAL AIRPORT, TX US",2025-03-05,70.0,48.0
USW00012960,"HOUSTON INTERCONTINENTAL AIRPORT, TX US",2025-03-06,69.0,42.0
USW00012960,"HOUSTON INTERCONTINENTAL AIRPORT, TX US",2025-03-07,81.0,54.0
USW00012960,"HOUSTON INTERCONTINENTAL AIRPORT, TX US",2025-03-08,84.0,56.0
USW00012960,"HOUSTON INTERCONTINENTAL AIRPORT, TX US",2025-03-09,58.0,50.0
USW00012960,"HOUSTON INTERCONTINENTAL AIRPORT, TX US",2025-03-10,74.0,44.0
USW00012960,"HOUSTON INTERCONTINENTAL AIRPORT, TX US",2025-03-11,79.0,45.0
USW00012960,"HOUSTON INTERCONTINENTAL AIRPORT, TX US",2025-03-12,83.0,60.0
USW00012960,"HOUSTON INTERCONTINENTAL AIRPORT, TX US",2025-03-13,90.0,69.0
USW00012960,"HOUSTON INTERCONTINENTAL AIRPORT, TX US",2025-03-14,85.0,69.0
USW00012960,"HOUSTON INTERCONTINENTAL AIRPORT, TX US",2025-03-15,83.0,63.0
USW00012960,"HOUSTON INTERCONTINENTAL AIRPORT, TX US",2025-03-16,77.0,51.0
USW00012960,"HOUSTON INTERCONTINENTAL AIRPORT, TX US",2025-03-17,82.0,46.0
USW00012960,"HOUSTON INTERCONTINENTAL AIRPORT, TX US",2025-03-18,81.0,60.0
USW00012960,"HOUSTON INTERCONTINENTAL AIRPORT, TX US",2025-03-19,83.0,57.0
USW00012960,"HOUSTON INTERCONTINENTAL AIRPORT, TX US",2025-03-20,70.0,48.0
USW00012960,"HOUSTON INTERCONTINENTAL AIRPORT, TX US",2025-03-21,75.0,41.0
USW00012960,"HOUSTON INTERCONTINENTAL AIRPORT, TX US",2025-03-22,83.0,52.0
USW00012960,"HOUSTON INTERCONTINENTAL AIRPORT, TX US",2025-03-23,85.0,67.0
USW00012960,"HOUSTON INTERCONTINENTAL AIRPORT, TX US",2025-03-24,86.0,59.0
USW00012960,"HOUSTON INTERCONTINENTAL AIRPORT, TX US",2025-03-25,89.0,60.0
USW00012960,"HOUSTON INTERCONTINENTAL AIRPORT, TX US",2025-03-26,81.0,64.0
USW00012960,"HOUSTON INTERCONTINENTAL AIRPORT, TX US",2025-03-27,72.0,65.0
USW00012960,"HOUSTON INTERCONTINENTAL AIRPORT, TX US",2025-03-28,78.0,66.0
USW00012960,"HOUSTON INTERCONTINENTAL AIRPORT, TX US",2025-03-29,87.0,68.0
USW00012960,"HOUSTON INTERCONTINENTAL AIRPORT, TX US",2025-03-30,86.0,72.0
USW00012960,"HOUSTON INTERCONTINENTAL AIRPORT, TX US",2025-03-31,85.0,70.0
USW00012960,"HOUSTON INTERCONTINENTAL AIRPORT, TX US",2025-04-01,84.0,66.0
USW00012960,"HOUSTON INTERCONTINENTAL AIRPORT, TX US",2025-04-02,85.0,76.0
USW00012960,"HOUSTON INTERCONTINENTAL AIRPORT, TX US",2025-04-03,87.0,76.0
USW00012960,"HOUSTON INTERCONTINENTAL AIRPORT, TX US",2025-04-04,87.0,76.0
USW00012960,"HOUSTON INTERCONTINENTAL AIRPORT, TX US",2025-04-05,83.0,57.0
USW00012960,"HOUSTON INTERCONTINENTAL AIRPORT, TX US",2025-04-06,60.0,48.0
USW00012960,"HOUSTON INTERCONTINENTAL AIRPORT, TX US",2025-04-07,70.0,46.0
USW00012960,"HOUSTON INTERCONTINENTAL AIRPORT, TX US",2025-04-08,77.0,46.0
USW00012960,"HOUSTON INTERCONTINENTAL AIRPORT, TX US",2025-04-09,81.0,49.0
USW00012960,"HOUSTON INTERCONTINENTAL AIRPORT, TX US",2025-04-10,87.0,56.0
USW00012960,"HOUSTON INTERCONTINENTAL AIRPORT, TX US",2025-04-11,88.0,61.0
USW00012960,"HOUSTON INTERCONTINENTAL AIRPORT, TX US",2025-04-12,86.0,55.0
USW00012960,"HOUSTON INTERCONTINENTAL AIRPORT, TX US",2025-04-13,88.0,67.0
USW00012960,"HOUSTON INTERCONTINENTAL AIRPORT, TX US",2025-04-14,87.0,70.0
USW00012960,"HOUSTON INTERCONTINENTAL AIRPORT, TX US",2025-04-15,83.0,62.0
USW00012960,"HOUSTON INTERCONTINENTAL AIRPORT, TX US",2025-04-16,83.0,62.0
USW00012960,"HOUSTON INTERCONTINENTAL AIRPORT, TX US",2025-04-17,87.0,69.0
USW00012960,"HOUSTON INTERCONTINENTAL AIRPORT, TX US",2025-04-18,89.0,74.0
USW00012960,"HOUSTON INTERCONTINENTAL AIRPORT, TX US",2025-04-19,84.0,74.0
USW00012960,"HOUSTON INTERCONTINENTAL AIRPORT, TX US",2025-04-20,87.0,74.0
USW00012960,"HOUSTON INTERCONTINENTAL AIRPORT, TX US",2025-04-21,86.0,70.0
USW00012960,"HOUSTON INTERCONTINENTAL AIRPORT, TX US",2025-04-22,87.0,67.0
USW00012960,"HOUSTON INTERCONTINENTAL AIRPORT, TX US",2025-04-23,77.0,69.0
USW00012960,"HOUSTON INTERCONTINENTAL AIRPORT, TX US",2025-04-24,85.0,67.0
USW00012960,"HOUSTON INTERCONTINENTAL AIRPORT, TX US",2025-04-25,88.0,67.0
USW00012960,"HOUSTON INTERCONTINENTAL AIRPORT, TX US",2025-04-26,87.0,68.0
USW00012960,"HOUSTON INTERCONTINENTAL AIRPORT, TX US",2025-04-27,88.0,70.0
USW00012960,"HOUSTON INTERCONTINENTAL AIRPORT, TX US",2025-04-28,86.0,71.0
USW00012960,"HOUSTON INTERCONTINENTAL AIRPORT, TX US",2025-04-29,84.0,70.0
USW00012960,"HOUSTON INTERCONTINENTAL AIRPORT, TX US",2025-04-30,86.0,74.0
USW00012960,"HOUSTON INTERCONTINENTAL AIRPORT, TX US",2025-05-01,89.0,71.0
USW00012960,"HOUSTON INTERCONTINENTAL AIRPORT, TX US",2025-05-02,86.0,68.0
USW00012960,"HOUSTON INTERCONTINENTAL AIRPORT, TX US",2025-05-03,82.0,64.0
USW00012960,"HOUSTON INTERCONTINENTAL AIRPORT, TX US",2025-05-04,83.0,59.0
USW00012960,"HOUSTON INTERCONTINENTAL AIRPORT, TX US",2025-05-05,81.0,60.0
USW00012960,"HOUSTON INTERCONTINENTAL AIRPORT, TX US",2025-05-06,84.0,67.0
USW00012960,"HOUSTON INTERCONTINENTAL AIRPORT, TX US",2025-05-07,85.0,69.0
USW00012960,"HOUSTON INTERCONTINENTAL AIRPORT, TX US",2025-05-08,90.0,67.0
USW00012960,"HOUSTON INTERCONTINENTAL AIRPORT, TX US",2025-05-09,85.0,68.0
USW00012960,"HOUSTON INTERCONTINENTAL AIRPORT, TX US",2025-05-10,84.0,65.0
USW00012960,"HOUSTON INTERCONTINENTAL AIRPORT, TX US",2025-05-11,82.0,62.0
USW00012960,"HOUSTON INTERCONTINENTAL AIRPORT, TX US",2025-05-12,86.0,61.0
USW00012960,"HOUSTON INTERCONTINENTAL AIRPORT, TX US",2025-05-13,95.0,69.0
USW00012960,"HOUSTON INTERCONTINENTAL AIRPORT, TX US",2025-05-14,96.0,75.0
USW00012960,"HOUSTON INTERCONTINENTAL AIRPORT, TX US",2025-05-15,95.0,77.0
USW00012960,"HOUSTON INTERCONTINENTAL AIRPORT, TX US",2025-05-16,93.0,81.0
USW00012960,"HOUSTON INTERCONTINENTAL AIRPORT, TX US",2025-05-17,94.0,79.0
USW00012960,"HOUSTON INTERCONTINENTAL AIRPORT, TX US",2025-05-18,92.0,81.0
USW00012960,"HOUSTON INTERCONTINENTAL AIRPORT, TX US",2025-05-19,92.0,80.0
USW00012960,"HOUSTON INTERCONTINENTAL AIRPORT, TX US",2025-05-20,96.0,81.0
USW00012960,"HOUSTON INTERCONTINENTAL AIRPORT, TX US",2025-05-21,89.0,76.0
USW00012960,"HOUSTON INTERCONTINENTAL AIRPORT, TX US",2025-05-22,94.0,77.0
USW00012960,"HOUSTON INTERCONTINENTAL AIRPORT, TX US",2025-05-23,94.0,76.0
USW00012960,"HOUSTON INTERCONTINENTAL AIRPORT, TX US",2025-05-24,96.0,80.0
USW00012960,"HOUSTON INTERCONTINENTAL AIRPORT, TX US",2025-05-25,95.0,82.0
USW00012960,"HOUSTON INTERCONTINENTAL AIRPORT, TX US",2025-05-26,88.0,70.0
USW00012960,"HOUSTON INTERCONTINENTAL AIRPORT, TX US",2025-05-27,91.0,68.0
USW00012960,"HOUSTON INTERCONTINENTAL AIRPORT, TX US",2025-05-28,82.0,72.0
USW00012960,"HOUSTON INTERCONTINENTAL AIRPORT, TX US",2025-05-29,94.0,71.0
USW00012960,"HOUSTON INTERCONTINENTAL AIRPORT, TX US",2025-05-30,89.0,75.0
USW00012960,"HOUSTON INTERCONTINENTAL AIRPORT, TX US",2025-05-31,90.0,75.0
USW00012960,"HOUSTON INTERCONTINENTAL AIRPORT, TX US",2025-06-01,93.0,72.0
USW00012960,"HOUSTON INTERCONTINENTAL AIRPORT, TX US",2025-06-02,93.0,75.0
USW00012960,"HOUSTON INTERCONTINENTAL AIRPORT, TX US",2025-06-03,90.0,74.0
USW00012960,"HOUSTON INTERCONTINENTAL AIRPORT, TX US",2025-06-04,92.0,79.0
USW00012960,"HOUSTON INTERCONTINENTAL AIRPORT, TX US",2025-06-05,94.0,76.0
USW00012960,"HOUSTON INTERCONTINENTAL AIRPORT, TX US",2025-06-06,95.0,80.0
USW00012960,"HOUSTON INTERCONTINENTAL AIRPORT, TX US",2025-06-07,97.0,79.0
USW00012960,"HOUSTON INTERCONTINENTAL AIRPORT, TX US",2025-06-08,98.0,79.0
USW00012960,"HOUSTON INTERCONTINENTAL AIRPORT, TX US",2025-06-09,94.0,72.0
USW00012960,"HOUSTON INTERCONTINENTAL AIRPORT, TX US",2025-06-10,93.0,77.0
USW00012960,"HOUSTON INTERCONTINENTAL AIRPORT, TX US",2025-06-11,83.0,74.0
USW00012960,"HOUSTON INTERCONTINENTAL AIRPORT, TX US",2025-06-12,81.0,71.0
USW00012960,"HOUSTON INTERCONTINENTAL AIRPORT, TX US",2025-06-13,92.0,73.0
USW00012960,"HOUSTON INTERCONTINENTAL AIRPORT, TX US",2025-06-14,93.0,77.0
USW00012960,"HOUSTON INTERCONTINENTAL AIRPORT, TX US",2025-06-15,94.0,73.0
USW00012960,"HOUSTON INTERCONTINENTAL AIRPORT, TX US",2025-06-16,92.0,74.0
USW00012960,"HOUSTON INTERCONTINENTAL AIRPORT, TX US",2025-06-17,95.0,77.0
USW00012960,"HOUSTON INTERCONTINENTAL AIRPORT, TX US",2025-06-18,95.0,79.0
USW00012960,"HOUSTON INTERCONTINENTAL AIRPORT, TX US",2025-06-19,95.0,79.0
USW00012960,"HOUSTON INTERCONTINENTAL AIRPORT, TX US",2025-06-20,96.0,79.0
USW00012960,"HOUSTON INTERCONTINENTAL AIRPORT, TX US",2025-06-21,96.0,81.0
USW00012960,"HOUSTON INTERCONTINENTAL AIRPORT, TX US",2025-06-22,94.0,78.0
USW00012960,"HOUSTON INTERCONTINENTAL AIRPORT, TX US",2025-06-23,94.0,78.0
USW00012960,"HOUSTON INTERCONTINENTAL AIRPORT, TX US",2025-06-24,96.0,77.0
USW00012960,"HOUSTON INTERCONTINENTAL AIRPORT, TX US",2025-06-25,89.0,76.0
USW00012960,"HOUSTON INTERCONTINENTAL AIRPORT, TX US",2025-06-26,95.0,76.0
USW00012960,"HOUSTON INTERCONTINENTAL AIRPORT, TX US",2025-06-27,94.0,75.0
USW00012960,"HOUSTON INTERCONTINENTAL AIRPORT, TX US",2025-06-28,95.0,75.0
USW00012960,"HOUSTON INTERCONTINENTAL AIRPORT, TX US",2025-06-29,93.0,76.0
USW00012960,"HOUSTON INTERCONTINENTAL AIRPORT, TX US",2025-06-30,94.0,74.0
USW00012960,"HOUSTON INTERCONTINENTAL AIRPORT, TX US",2025-07-01,97.0,75.0
USW00012960,"HOUSTON INTERCONTINENTAL AIRPORT, TX US",2025-07-02,96.0,77.0
USW00012960,"HOUSTON INTERCONTINENTAL AIRPORT, TX US",2025-07-03,94.0,75.0
USW00012960,"HOUSTON INTERCONTINENTAL AIRPORT, TX US",2025-07-04,91.0,75.0
USW00012960,"HOUSTON INTERCONTINENTAL AIRPORT, TX US",2025-07-05,94.0,78.0
USW00012960,"HOUSTON INTERCONTINENTAL AIRPORT, TX US",2025-07-06,96.0,76.0
USW00012960,"HOUSTON INTERCONTINENTAL AIRPORT, TX US",2025-07-07,95.0,78.0
USW00012960,"HOUSTON INTERCONTINENTAL AIRPORT, TX US",2025-07-08,91.0,73.0
USW00012960,"HOUSTON INTERCONTINENTAL AIRPORT, TX US",2025-07-09,91.0,73.0
USW00012960,"HOUSTON INTERCONTINENTAL AIRPORT, TX US",2025-07-10,95.0,78.0
USW00012960,"HOUSTON INTERCONTINENTAL AIRPORT, TX US",2025-07-11,93.0,79.0
USW00012960,"HOUSTON INTERCONTINENTAL AIRPORT, TX US",2025-07-12,95.0,79.0
USW00012960,"HOUSTON INTERCONTINENTAL AIRPORT, TX US",2025-07-13,95.0,76.0
USW00012960,"HOUSTON INTERCONTINENTAL AIRPORT, TX US",2025-07-14,92.0,74.0
USW00012960,"HOUSTON INTERCONTINENTAL AIRPORT, TX US",2025-07-15,95.0,76.0
USW00012960,"HOUSTON INTERCONTINENTAL AIRPORT, TX US",2025-07-16,97.0,79.0
USW00012960,"HOUSTON INTERCONTINENTAL AIRPORT, TX US",2025-07-17,92.0,75.0
USW00012960,"HOUSTON INTERCONTINENTAL AIRPORT, TX US",2025-07-18,94.0,79.0
USW00012960,"HOUSTON INTERCONTINENTAL AIRPORT, TX US",2025-07-19,96.0,78.0
USW00012960,"HOUSTON INTERCONTINENTAL AIRPORT, TX US",2025-07-20,97.0,79.0
USW00012960,"HOUSTON INTERCONTINENTAL AIRPORT, TX US",2025-07-21,98.0,80.0
USW00012960,"HOUSTON INTERCONTINENTAL AIRPORT, TX US",2025-07-22,100.0,77.0
USW00012960,"HOUSTON INTERCONTINENTAL AIRPORT, TX US",2025-07-23,99.0,76.0
USW00012960,"HOUSTON INTERCONTINENTAL AIRPORT, TX US",2025-07-24,99.0,80.0
USW00012960,"HOUSTON INTERCONTINENTAL AIRPORT, TX US",2025-07-25,92.0,78.0
USW00012960,"HOUSTON INTERCONTINENTAL AIRPORT, TX US",2025-07-26,92.0,77.0
USW00012960,"HOUSTON INTERCONTINENTAL AIRPORT, TX US",2025-07-27,95.0,77.0
USW00012960,"HOUSTON INTERCONTINENTAL AIRPORT, TX US",2025-07-28,98.0,78.0
USW00012960,"HOUSTON INTERCONTINENTAL AIRPORT, TX US",2025-07-29,99.0,80.0
USW00012960,"HOUSTON INTERCONTINENTAL AIRPORT, TX US",2025-07-30,101.0,80.0
USW00012960,"HOUSTON INTERCONTINENTAL AIRPORT, TX US",2025-07-31,95.0,83.0
USW00012960,"HOUSTON INTERCONTINENTAL AIRPORT, TX US",2025-08-01,97.0,82.0
USW00012960,"HOUSTON INTERCONTINENTAL AIRPORT, TX US",2025-08-02,92.0,78.0
USW00012960,"HOUSTON INTERCONTINENTAL AIRPORT, TX US",2025-08-03,98.0,78.0
USW00012960,"HOUSTON INTERCONTINENTAL AIRPORT, TX US",2025-08-04,91.0,76.0
USW00012960,"HOUSTON INTERCONTINENTAL AIRPORT, TX US",2025-08-05,96.0,77.0
USW00012960,"HOUSTON INTERCONTINENTAL AIRPORT, TX US",2025-08-06,100.0,77.0
USW00012960,"HOUSTON INTERCONTINENTAL AIRPORT, TX US",2025-08-07,100.0,78.0
USW00012960,"HOUSTON INTERCONTINENTAL AIRPORT, TX US",2025-08-08,100.0,79.0
USW00012960,"HOUSTON INTERCONTINENTAL AIRPORT, TX US",2025-08-09,98.0,78.0
USW00012960,"HOUSTON INTERCONTINENTAL AIRPORT, TX US",2025-08-10,94.0,77.0
USW00012960,"HOUSTON INTERCONTINENTAL AIRPORT, TX US",2025-08-11,97.0,78.0
USW00012960,"HOUSTON INTERCONTINENTAL AIRPORT, TX US",2025-08-12,97.0,79.0
USW00012960,"HOUSTON INTERCONTINENTAL AIRPORT, TX US",2025-08-13,99.0,78.0
USW00012960,"HOUSTON INTERCONTINENTAL AIRPORT, TX US",2025-08-14,99.0,80.0
USW00012960,"HOUSTON INTERCONTINENTAL AIRPORT, TX US",2025-08-15,95.0,79.0
USW00012960,"HOUSTON INTERCONTINENTAL AIRPORT, TX US",2025-08-16,95.0,78.0
USW00012960,"HOUSTON INTERCONTINENTAL AIRPORT, TX US",2025-08-17,101.0,77.0
USW00012960,"HOUSTON INTERCONTINENTAL AIRPORT, TX US",2025-08-18,101.0,79.0
USW00012960,"HOUSTON INTERCONTINENTAL AIRPORT, TX US",2025-08-19,95.0,77.0
USW00012960,"HOUSTON INTERCONTINENTAL AIRPORT, TX US",2025-08-20,101.0,77.0
USW00012960,"HOUSTON INTERCONTINENTAL AIRPORT, TX US",2025-08-21,96.0,79.0
USW00012960,"HOUSTON INTERCONTINENTAL AIRPORT, TX US",2025-08-22,89.0,75.0
USW00012960,"HOUSTON INTERCONTINENTAL AIRPORT, TX US",2025-08-23,95.0,75.0
USW00012960,"HOUSTON INTERCONTINENTAL AIRPORT, TX US",2025-08-24,99.0,77.0
USW00012960,"HOUSTON INTERCONTINENTAL AIRPORT, TX US",2025-08-25,97.0,77.0
USW00012960,"HOUSTON INTERCONTINENTAL AIRPORT, TX US",2025-08-26,97.0,75.0
USW00012960,"HOUSTON INTERCONTINENTAL AIRPORT, TX US",2025-08-27,93.0,77.0
USW00012960,"HOUSTON INTERCONTINENTAL AIRPORT, TX US",2025-08-28,96.0,76.0
USW00012960,"HOUSTON INTERCONTINENTAL AIRPORT, TX US",2025-08-29,97.0,79.0
USW00012960,"HOUSTON INTERCONTINENTAL AIRPORT, TX US",2025-08-30,95.0,75.0
USW00012960,"HOUSTON INTERCONTINENTAL AIRPORT, TX US",2025-08-31,85.0,75.0
USW00012960,"HOUSTON INTERCONTINENTAL AIRPORT, TX US",2025-09-01,90.0,74.0
USW00012960,"HOUSTON INTERCONTINENTAL AIRPORT, TX US",2025-09-02,93.0,73.0
USW00012960,"HOUSTON INTERCONTINENTAL AIRPORT, TX US",2025-09-03,97.0,75.0
USW00012960,"HOUSTON INTERCONTINENTAL AIRPORT, TX US",2025-09-04,98.0,72.0
USW00012960,"HOUSTON INTERCONTINENTAL AIRPORT, TX US",2025-09-05,96.0,79.0
USW00012960,"HOUSTON INTERCONTINENTAL AIRPORT, TX US",2025-09-06,92.0,75.0
USW00012960,"HOUSTON INTERCONTINENTAL AIRPORT, TX US",2025-09-07,80.0,70.0
USW00012960,"HOUSTON INTERCONTINENTAL AIRPORT, TX US",2025-09-08,87.0,69.0
USW00012960,"HOUSTON INTERCONTINENTAL AIRPORT, TX US",2025-09-09,89.0,64.0
USW00012960,"HOUSTON INTERCONTINENTAL AIRPORT, TX US",2025-09-10,93.0,64.0
USW00012960,"HOUSTON INTERCONTINENTAL AIRPORT, TX US",2025-09-11,94.0,73.0
USW00012960,"HOUSTON INTERCONTINENTAL AIRPORT, TX US",2025-09-12,93.0,73.0
USW00012960,"HOUSTON INTERCONTINENTAL AIRPORT, TX US",2025-09-13,93.0,70.0
USW00012960,"HOUSTON INTERCONTINENTAL AIRPORT, TX US",2025-09-14,95.0,71.0
USW00012960,"HOUSTON INTERCONTINENTAL AIRPORT, TX US",2025-09-15,93.0,73.0
USW00012960,"HOUSTON INTERCONTINENTAL AIRPORT, TX US",2025-09-16,94.0,71.0
USW00012960,"HOUSTON INTERCONTINENTAL AIRPORT, TX US",2025-09-17,95.0,72.0
USW00012960,"HOUSTON INTERCONTINENTAL AIRPORT, TX US",2025-09-18,93.0,72.0
USW00012960,"HOUSTON INTERCONTINENTAL AIRPORT, TX US",2025-09-19,94.0,71.0
USW00012960,"HOUSTON INTERCONTINENTAL AIRPORT, TX US",2025-09-20,92.0,71.0
USW00012960,"HOUSTON INTERCONTINENTAL AIRPORT, TX US",2025-09-21,92.0,72.0
USW00012960,"HOUSTON INTERCONTINENTAL AIRPORT, TX US",2025-09-22,93.0,74.0
USW00012960,"HOUSTON INTERCONTINENTAL AIRPORT, TX US",2025-09-23,93.0,75.0
USW00012960,"HOUSTON INTERCONTINENTAL AIRPORT, TX US",2025-09-24,95.0,75.0
USW00012960,"HOUSTON INTERCONTINENTAL AIRPORT, TX US",2025-09-25,91.0,73.0
USW00012960,"HOUSTON INTERCONTINENTAL AIRPORT, TX US",2025-09-26,90.0,68.0
USW00012960,"HOUSTON INTERCONTINENTAL AIRPORT, TX US",2025-09-27,89.0,64.0
USW00012960,"HOUSTON INTERCONTINENTAL AIRPORT, TX US",2025-09-28,90.0,63.0
USW00012960,"HOUSTON INTERCONTINENTAL AIRPORT, TX US",2025-09-29,92.0,64.0
USW00012960,"HOUSTON INTERCONTINENTAL AIRPORT, TX US",2025-09-30,94.0,70.0
USW00012960,"HOUSTON INTERCONTINENTAL AIRPORT, TX US",2025-10-01,95.0,68.0
USW00012960,"HOUSTON INTERCONTINENTAL AIRPORT, TX US",2025-10-02,94.0,71.0
USW00012960,"HOUSTON INTERCONTINENTAL AIRPORT, TX US",2025-10-03,91.0,71.0
USW00012960,"HOUSTON INTERCONTINENTAL AIRPORT, TX US",2025-10-04,90.0,66.0
USW00012960,"HOUSTON INTERCONTINENTAL AIRPORT, TX US",2025-10-05,92.0,68.0
USW00012960,"HOUSTON INTERCONTINENTAL AIRPORT, TX US",2025-10-06,93.0,70.0
USW00012960,"HOUSTON INTERCONTINENTAL AIRPORT, TX US",2025-10-07,95.0,72.0
USW00012960,"HOUSTON INTERCONTINENTAL AIRPORT, TX US",2025-10-08,94.0,73.0
USW00012960,"HOUSTON INTERCONTINENTAL AIRPORT, TX US",2025-10-09,91.0,72.0
USW00012960,"HOUSTON INTERCONTINENTAL AIRPORT, TX US",2025-10-10,92.0,67.0
USW00012960,"HOUSTON INTERCONTINENTAL AIRPORT, TX US",2025-10-11,89.0,61.0
USW00012960,"HOUSTON INTERCONTINENTAL AIRPORT, TX US",2025-10-12,88.0,63.0
USW00012960,"HOUSTON INTERCONTINENTAL AIRPORT, TX US",2025-10-13,88.0,62.0
USW00012960,"HOUSTON INTERCONTINENTAL AIRPORT, TX US",2025-10-14,90.0,62.0
USW00012960,"HOUSTON INTERCONTINENTAL AIRPORT, TX US",2025-10-15,89.0,62.0
USW00012960,"HOUSTON INTERCONTINENTAL AIRPORT, TX US",2025-10-16,89.0,63.0
USW00012960,"HOUSTON INTERCONTINENTAL AIRPORT, TX US",2025-10-17,90.0,69.0
USW00012960,"HOUSTON INTERCONTINENTAL AIRPORT, TX US",2025-10-18,94.0,72.0
USW00012960,"HOUSTON INTERCONTINENTAL AIRPORT, TX US",2025-10-19,90.0,62.0
USW00012960,"HOUSTON INTERCONTINENTAL AIRPORT, TX US",2025-10-20,89.0,55.0
USW00012960,"HOUSTON INTERCONTINENTAL AIRPORT, TX US",2025-10-21,94.0,70.0
USW00012960,"HOUSTON INTERCONTINENTAL AIRPORT, TX US",2025-10-22,85.0,62.0
USW00012960,"HOUSTON INTERCONTINENTAL AIRPORT, TX US",2025-10-23,88.0,61.0
USW00012960,"HOUSTON INTERCONTINENTAL AIRPORT, TX US",2025-10-24,87.0,66.0
USW00012960,"HOUSTON INTERCONTINENTAL AIRPORT, TX US",2025-10-25,80.0,62.0
USW00012960,"HOUSTON INTERCONTINENTAL AIRPORT, TX US",2025-10-26,82.0,62.0
USW00012960,"HOUSTON INTERCONTINENTAL AIRPORT, TX US",2025-10-27,86.0,61.0
USW00012960,"HOUSTON INTERCONTINENTAL AIRPORT, TX US",2025-10-28,89.0,62.0
USW00012960,"HOUSTON INTERCONTINENTAL AIRPORT, TX US",2025-10-29,69.0,54.0
USW00012960,"HOUSTON INTERCONTINENTAL AIRPORT, TX US",2025-10-30,71.0,49.0
USW00012960,"HOUSTON INTERCONTINENTAL AIRPORT, TX US",2025-10-31,73.0,47.0
USW00012960,"HOUSTON INTERCONTINENTAL AIRPORT, TX US",2025-11-01,76.0,50.0
USW00012960,"HOUSTON INTERCONTINENTAL AIRPORT, TX US",2025-11-02,74.0,50.0
USW00012960,"HOUSTON INTERCONTINENTAL AIRPORT, TX US",2025-11-03,76.0,49.0
USW00012960,"HOUSTON INTERCONTINENTAL AIRPORT, TX US",2025-11-04,78.0,47.0
USW00012960,"HOUSTON INTERCONTINENTAL AIRPORT, TX US",2025-11-05,83.0,54.0
USW00012960,"HOUSTON INTERCONTINENTAL AIRPORT, TX US",2025-11-06,82.0,59.0
USW00012960,"HOUSTON INTERCONTINENTAL AIRPORT, TX US",2025-11-07,86.0,62.0
USW00012960,"HOUSTON INTERCONTINENTAL AIRPORT, TX US",2025-11-08,85.0,66.0
USW00012960,"HOUSTON INTERCONTINENTAL AIRPORT, TX US",2025-11-09,73.0,53.0
USW00012960,"HOUSTON INTERCONTINENTAL AIRPORT, TX US",2025-11-10,61.0,40.0
USW00012960,"HOUSTON INTERCONTINENTAL AIRPORT, TX US",2025-11-11,73.0,37.0
USW00012960,"HOUSTON INTERCONTINENTAL AIRPORT, TX US",2025-11-12,83.0,53.0
USW00012960,"HOUSTON INTERCONTINENTAL AIRPORT, TX US",2025-11-13,83.0,57.0
USW00012960,"HOUSTON INTERCONTINENTAL AIRPORT, TX US",2025-11-14,84.0,58.0
USW00012960,"HOUSTON INTERCONTINENTAL AIRPORT, TX US",2025-11-15,84.0,57.0
USW00012960,"HOUSTON INTERCONTINENTAL AIRPORT, TX US",2025-11-16,86.0,61.0
USW00012960,"HOUSTON INTERCONTINENTAL AIRPORT, TX US",2025-11-17,84.0,69.0
USW00012960,"HOUSTON INTERCONTINENTAL AIRPORT, TX US",2025-11-18,84.0,66.0
USW00012960,"HOUSTON INTERCONTINENTAL AIRPORT, TX US",2025-11-19,85.0,66.0
USW00012960,"HOUSTON INTERCONTINENTAL AIRPORT, TX US",2025-11-20,86.0,68.0
USW00012960,"HOUSTON INTERCONTINENTAL AIRPORT, TX US",2025-11-21,88.0,68.0
USW00012960,"HOUSTON INTERCONTINENTAL AIRPORT, TX US",2025-11-22,79.0,62.0
USW00012960,"HOUSTON INTERCONTINENTAL AIRPORT, TX US",2025-11-23,75.0,56.0
USW00012960,"HOUSTON INTERCONTINENTAL AIRPORT, TX US",2025-11-24,83.0,66.0
USW00012960,"HOUSTON INTERCONTINENTAL AIRPORT, TX US",2025-11-25,83.0,62.0
USW00012960,"HOUSTON INTERCONTINENTAL AIRPORT, TX US",2025-11-26,70.0,51.0
USW00012960,"HOUSTON INTERCONTINENTAL AIRPORT, TX US",2025-11-27,65.0,48.0
USW00012960,"HOUSTON INTERCONTINENTAL AIRPORT, TX US",2025-11-28,67.0,43.0
USW00012960,"HOUSTON INTERCONTINENTAL AIRPORT, TX US",2025-11-29,76.0,59.0
USW00012960,"HOUSTON INTERCONTINENTAL AIRPORT, TX US",2025-11-30,68.0,47.0
USW00012960,"HOUSTON INTERCONTINENTAL AIRPORT, TX US",2025-12-01,47.0,43.0
USW00012960,"HOUSTON INTERCONTINENTAL AIRPORT, TX US",2025-12-02,55.0,37.0
USW00012960,"HOUSTON INTERCONTINENTAL AIRPORT, TX US",2025-12-03,55.0,40.0
USW00012960,"HOUSTON INTERCONTINENTAL AIRPORT, TX US",2025-12-04,54.0,45.0
USW00012960,"HOUSTON INTERCONTINENTAL AIRPORT, TX US",2025-12-05,51.0,43.0
USW00012960,"HOUSTON INTERCONTINENTAL AIRPORT, TX US",2025-12-06,69.0,46.0
USW00012960,"HOUSTON INTERCONTINENTAL AIRPORT, TX US",2025-12-07,74.0,53.0
USW00012960,"HOUSTON INTERCONTINENTAL AIRPORT, TX US",2025-12-08,60.0,42.0
USW00012960,"HOUSTON INTERCONTINENTAL AIRPORT, TX US",2025-12-09,66.0,38.0
USW00012960,"HOUSTON INTERCONTINENTAL AIRPORT, TX US",2025-12-10,74.0,44.0
USW00012960,"HOUSTON INTERCONTINENTAL AIRPORT, TX US",2025-12-11,69.0,42.0
USW00012960,"HOUSTON INTERCONTINENTAL AIRPORT, TX US",2025-12-12,79.0,50.0
USW00012960,"HOUSTON INTERCONTINENTAL AIRPORT, TX US",2025-12-13,80.0,58.0
USW00012960,"HOUSTON INTERCONTINENTAL AIRPORT, TX US",2025-12-14,69.0,39.0
USW00012960,"HOUSTON INTERCONTINENTAL AIRPORT, TX US",2025-12-15,54.0,31.0
USW00012960,"HOUSTON INTERCONTINENTAL AIRPORT, TX US",2025-12-16,62.0,37.0
USW00012960,"HOUSTON INTERCONTINENTAL AIRPORT, TX US",2025-12-17,64.0,58.0
USW00012960,"HOUSTON INTERCONTINENTAL AIRPORT, TX US",2025-12-18,78.0,56.0
USW00012960,"HOUSTON INTERCONTINENTAL AIRPORT, TX US",2025-12-19,68.0,41.0
USW00012960,"HOUSTON INTERCONTINENTAL AIRPORT, TX US",2025-12-20,81.0,47.0
USW00012960,"HOUSTON INTERCONTINENTAL AIRPORT, TX US",2025-12-21,83.0,66.0
USW00012960,"HOUSTON INTERCONTINENTAL AIRPORT, TX US",2025-12-22,82.0,65.0
USW00012960,"HOUSTON INTERCONTINENTAL AIRPORT, TX US",2025-12-23,81.0,66.0
USW00012960,"HOUSTON INTERCONTINENTAL AIRPORT, TX US",2025-12-24,79.0,67.0
USW00012960,"HOUSTON INTERCONTINENTAL AIRPORT, TX US",2025-12-25,81.0,66.0
USW00012960,"HOUSTON INTERCONTINENTAL AIRPORT, TX US",2025-12-26,83.0,70.0
USW00012960,"HOUSTON INTERCONTINENTAL AIRPORT, TX US",2025-12-27,83.0,68.0
USW00012960,"HOUSTON INTERCONTINENTAL AIRPORT, TX US",2025-12-28,84.0,63.0
USW00012960,"HOUSTON INTERCONTINENTAL AIRPORT, TX US",2025-12-29,63.0,43.0
USW00012960,"HOUSTON INTERCONTINENTAL AIRPORT, TX US",2025-12-30,56.0,35.0
USW00012960,"HOUSTON INTERCONTINENTAL AIRPORT, TX US",2025-12-31,67.0,32.0
USW00012960,"HOUSTON INTERCONTINENTAL AIRPORT, TX US",2026-01-01,74.0,38.0
USW00012960,"HOUSTON INTERCONTINENTAL AIRPORT, TX US",2026-01-02,84.0,65.0
USW00012960,"HOUSTON INTERCONTINENTAL AIRPORT, TX US",2026-01-03,76.0,54.0
USW00012960,"HOUSTON INTERCONTINENTAL AIRPORT, TX US",2026-01-04,68.0,45.0
USW00012960,"HOUSTON INTERCONTINENTAL AIRPORT, TX US",2026-01-05,79.0,45.0
USW00012960,"HOUSTON INTERCONTINENTAL AIRPORT, TX US",2026-01-06,82.0,65.0
USW00012960,"HOUSTON INTERCONTINENTAL AIRPORT, TX US",2026-01-07,81.0,66.0
USW00012960,"HOUSTON INTERCONTINENTAL AIRPORT, TX US",2026-01-08,80.0,70.0
USW00012960,"HOUSTON INTERCONTINENTAL AIRPORT, TX US",2026-01-09,81.0,65.0
USW00012960,"HOUSTON INTERCONTINENTAL AIRPORT, TX US",2026-01-10,66.0,46.0
USW00012960,"HOUSTON INTERCONTINENTAL AIRPORT, TX US",2026-01-11,66.0,39.0
USW00012960,"HOUSTON INTERCONTINENTAL AIRPORT, TX US",2026-01-12,61.0,41.0
USW00012960,"HOUSTON INTERCONTINENTAL AIRPORT, TX US",2026-01-13,56.0,43.0
USW00012960,"HOUSTON INTERCONTINENTAL AIRPORT, TX US",2026-01-14,68.0,48.0
USW00012960,"HOUSTON INTERCONTINENTAL AIRPORT, TX US",2026-01-15,60.0,40.0
USW00012960,"HOUSTON INTERCONTINENTAL AIRPORT, TX US",2026-01-16,76.0,40.0
USW00012960,"HOUSTON INTERCONTINENTAL AIRPORT, TX US",2026-01-17,58.0,40.0
USW00012960,"HOUSTON INTERCONTINENTAL AIRPORT, TX US",2026-01-18,57.0,32.0
USW00012960,"HOUSTON INTERCONTINENTAL AIRPORT, TX US",2026-01-19,68.0,32.0
USW00012960,"HOUSTON INTERCONTINENTAL AIRPORT, TX US",2026-01-20,67.0,41.0
USW00012960,"HOUSTON INTERCONTINENTAL AIRPORT, TX US",2026-01-21,67.0,58.0
USW00012960,"HOUSTON INTERCONTINENTAL AIRPORT, TX US",2026-01-22,63.0,60.0
USW00012960,"HOUSTON INTERCONTINENTAL AIRPORT, TX US",2026-01-23,64.0,60.0
USW00012960,"HOUSTON INTERCONTINENTAL AIRPORT, TX US",2026-01-24,62.0,35.0
USW00012960,"HOUSTON INTERCONTINENTAL AIRPORT, TX US",2026-01-25,35.0,24.0
USW00012960,"HOUSTON INTERCONTINENTAL AIRPORT, TX US",2026-01-26,39.0,24.0
USW00012960,"HOUSTON INTERCONTINENTAL AIRPORT, TX US",2026-01-27,50.0,23.0
USW00012960,"HOUSTON INTERCONTINENTAL AIRPORT, TX US",2026-01-28,60.0,30.0
USW00012960,"HOUSTON INTERCONTINENTAL AIRPORT, TX US",2026-01-29,69.0,32.0
USW00012960,"HOUSTON INTERCONTINENTAL AIRPORT, TX US",2026-01-30,54.0,39.0
USW00012960,"HOUSTON INTERCONTINENTAL AIRPORT, TX US",2026-01-31,48.0,30.0
USW00012960,"HOUSTON INTERCONTINENTAL AIRPORT, TX US",2026-02-01,53.0,26.0
USW00012960,"HOUSTON INTERCONTINENTAL AIRPORT, TX US",2026-02-02,73.0,34.0
USW00012960,"HOUSTON INTERCONTINENTAL AIRPORT, TX US",2026-02-03,73.0,60.0
USW00012960,"HOUSTON INTERCONTINENTAL AIRPORT, TX US",2026-02-04,65.0,47.0
USW00012960,"HOUSTON INTERCONTINENTAL AIRPORT, TX US",2026-02-05,66.0,38.0
USW00012960,"HOUSTON INTERCONTINENTAL AIRPORT, TX US",2026-02-06,80.0,50.0
USW00012960,"HOUSTON INTERCONTINENTAL AIRPORT, TX US",2026-02-07,77.0,45.0
USW00012960,"HOUSTON INTERCONTINENTAL AIRPORT, TX US",2026-02-08,77.0,47.0
USW00012960,"HOUSTON INTERCONTINENTAL AIRPORT, TX US",2026-02-09,80.0,53.0
USW00012960,"HOUSTON INTERCONTINENTAL AIRPORT, TX US",2026-02-10,78.0,62.0
USW00012960,"HOUSTON INTERCONTINENTAL AIRPORT, TX US",2026-02-11,78.0,57.0
USW00012960,"HOUSTON INTERCONTINENTAL AIRPORT, TX US",2026-02-12,80.0,53.0
USW00012960,"HOUSTON INTERCONTINENTAL AIRPORT, TX US",2026-02-13,79.0,62.0
USW00012960,"HOUSTON INTERCONTINENTAL AIRPORT, TX US",2026-02-14,76.0,59.0
USW00012960,"HOUSTON INTERCONTINENTAL AIRPORT, TX US",2026-02-15,70.0,53.0
USW00012960,"HOUSTON INTERCONTINENTAL AIRPORT, TX US",2026-02-16,72.0,48.0
USW00012960,"HOUSTON INTERCONTINENTAL AIRPORT, TX US",2026-02-17,79.0,50.0
USW00012960,"HOUSTON INTERCONTINENTAL AIRPORT, TX US",2026-02-18,80.0,63.0
USW00012960,"HOUSTON INTERCONTINENTAL AIRPORT, TX US",2026-02-19,82.0,70.0
USW00012960,"HOUSTON INTERCONTINENTAL AIRPORT, TX US",2026-02-20,82.0,69.0
USW00012960,"HOUSTON INTERCONTINENTAL AIRPORT, TX US",2026-02-21,80.0,56.0
USW00012960,"HOUSTON INTERCONTINENTAL AIRPORT, TX US",2026-02-22,65.0,45.0
USW00012960,"HOUSTON INTERCONTINENTAL AIRPORT, TX US",2026-02-23,65.0,40.0
USW00012960,"HOUSTON INTERCONTINENTAL AIRPORT, TX US",2026-02-24,71.0,35.0
USW00012960,"HOUSTON INTERCONTINENTAL AIRPORT, TX US",2026-02-25,80.0,61.0
USW00012960,"HOUSTON INTERCONTINENTAL AIRPORT, TX US",2026-02-26,83.0,66.0
USW00012960,"HOUSTON INTERCONTINENTAL AIRPORT, TX US",2026-02-27,86.0,57.0
USW00012960,"HOUSTON INTERCONTINENTAL AIRPORT, TX US",2026-02-28,82.0,53.0
USW00012960,"HOUSTON INTERCONTINENTAL AIRPORT, TX US",2026-03-01,80.0,57.0
USW00012960,"HOUSTON INTERCONTINENTAL AIRPORT, TX US",2026-03-02,83.0,59.0
USW00012960,"HOUSTON INTERCONTINENTAL AIRPORT, TX US",2026-03-03,85.0,69.0
USW00012960,"HOUSTON INTERCONTINENTAL AIRPORT, TX US",2026-03-04,83.0,67.0
USW00012960,"HOUSTON INTERCONTINENTAL AIRPORT, TX US",2026-03-05,83.0,69.0
USW00012960,"HOUSTON INTERCONTINENTAL AIRPORT, TX US",2026-03-06,86.0,70.0
USW00012960,"HOUSTON INTERCONTINENTAL AIRPORT, TX US",2026-03-07,86.0,67.0
USW00012960,"HOUSTON INTERCONTINENTAL AIRPORT, TX US",2026-03-08,71.0,65.0
USW00012960,"HOUSTON INTERCONTINENTAL AIRPORT, TX US",2026-03-09,86.0,68.0
USW00012960,"HOUSTON INTERCONTINENTAL AIRPORT, TX US",2026-03-10,86.0,74.0
USW00012960,"HOUSTON INTERCONTINENTAL AIRPORT, TX US",2026-03-11,80.0,62.0
USW00012960,"HOUSTON INTERCONTINENTAL AIRPORT, TX US",2026-03-12,67.0,48.0
USW00012960,"HOUSTON INTERCONTINENTAL AIRPORT, TX US",2026-03-13,77.0,44.0
USW00012960,"HOUSTON INTERCONTINENTAL AIRPORT, TX US",2026-03-14,81.0,54.0
USW00012960,"HOUSTON INTERCONTINENTAL AIRPORT, TX US",2026-03-15,84.0,59.0
USW00012960,"HOUSTON INTERCONTINENTAL AIRPORT, TX US",2026-03-16,59.0,41.0
USW00012960,"HOUSTON INTERCONTINENTAL AIRPORT, TX US",2026-03-17,60.0,33.0
USW00012960,"HOUSTON INTERCONTINENTAL AIRPORT, TX US",2026-03-18,75.0,41.0
USW00012960,"HOUSTON INTERCONTINENTAL AIRPORT, TX US",2026-03-19,81.0,49.0
USW00012960,"HOUSTON INTERCONTINENTAL AIRPORT, TX US",2026-03-20,84.0,54.0
USW00012960,"HOUSTON INTERCONTINENTAL AIRPORT, TX US",2026-03-21,88.0,66.0
USW00012960,"HOUSTON INTERCONTINENTAL AIRPORT, TX US",2026-03-22,86.0,65.0
USW00012960,"HOUSTON INTERCONTINENTAL AIRPORT, TX US",2026-03-23,84.0,59.0
USW00012960,"HOUSTON INTERCONTINENTAL AIRPORT, TX US",2026-03-24,84.0,63.0
USW00012960,"HOUSTON INTERCONTINENTAL AIRPORT, TX US",2026-03-25,84.0,61.0
USW00012960,"HOUSTON INTERCONTINENTAL AIRPORT, TX US",2026-03-26,84.0,63.0
USW00012960,"HOUSTON INTERCONTINENTAL AIRPORT, TX US",2026-03-27,86.0,59.0
USW00012960,"HOUSTON INTERCONTINENTAL AIRPORT, TX US",2026-03-28,77.0,61.0
USW00012960,"HOUSTON INTERCONTINENTAL AIRPORT, TX US",2026-03-29,83.0,55.0
USW00012960,"HOUSTON INTERCONTINENTAL AIRPORT, TX US",2026-03-30,84.0,61.0
USW00012960,"HOUSTON INTERCONTINENTAL AIRPORT, TX US",2026-03-31,85.0,68.0
USW00012960,"HOUSTON INTERCONTINENTAL AIRPORT, TX US",2026-04-01,83.0,72.0
USW00012960,"HOUSTON INTERCONTINENTAL AIRPORT, TX US",2026-04-02,82.0,74.0
USW00012960,"HOUSTON INTERCONTINENTAL AIRPORT, TX US",2026-04-03,84.0,74.0
USW00012960,"HOUSTON INTERCONTINENTAL AIRPORT, TX US",2026-04-04,82.0,63.0
USW00012960,"HOUSTON INTERCONTINENTAL AIRPORT, TX US",2026-04-05,66.0,60.0
USW00012960,"HOUSTON INTERCONTINENTAL AIRPORT, TX US",2026-04-06,75.0,52.0
USW00012960,"HOUSTON INTERCONTINENTAL AIRPORT, TX US",2026-04-07,77.0,50.0
USW00012960,"HOUSTON INTERCONTINENTAL AIRPORT, TX US",2026-04-08,81.0,59.0
USW00012960,"HOUSTON INTERCONTINENTAL AIRPORT, TX US",2026-04-09,82.0,61.0
USW00012960,"HOUSTON INTERCONTINENTAL AIRPORT, TX US",2026-04-10,76.0,67.0
